Company,Ticker,Sector,Filing_Year,Paragraph_id,Passage,AI_keywords,risk_category,disclosure_quality,annotation
Abbott Labs,ABT,Healthcare,2022,,,,,,
Abbott Labs,ABT,Healthcare,2023,,,,,,
Abbott Labs,ABT,Healthcare,2024,,,,,,
Airbnb,ABNB,Consumer Services,2022,1,"In December 2020, the European Commission adopted a proposal for a Digital Services Act (the “DSA”) to modernize the E-Commerce Directive with regard to, among other things, illegal services or content, traceability of business users, and transparency measures, including on the algorithms used for recommendation.","algorithm, algorithms",Regulation,2.0,Names specific EU regulation (DSA) affecting recommendation algorithms
Airbnb,ABNB,Consumer Services,2022,2,"There is increased governmental interest in regulating technology companies in areas including privacy, tax, data localization and data access, algorithm-based discrimination, competition, and real estate broker related activities.",algorithm,Regulation,2.0,General regulatory trend re: algorithm-based discrimination among other areas
Airbnb,ABNB,Consumer Services,2022,3,"The DSA modernizes the E-Commerce Directive with regard to, among other things, illegal services or content, traceability of business users and transparency measures, including on the algorithms used for recommendation.","algorithm, algorithms",Regulation,2.0,Duplicate of DSA passage
Airbnb,ABNB,Consumer Services,2022,4,"Changes to search engine algorithms or similar actions are not within our control, and could adversely affect our search-engine rankings and traffic to our platform.","algorithm, algorithms",Other,1.0,"Third-party search-engine algorithm risk, not company's own AI regulation/privacy/cyber/IP"
Airbnb,ABNB,Consumer Services,2022,5,"If the internal systems and tools we use to track these metrics undercount or overcount performance or contain algorithmic or other technical errors, the data we report may not be accurate.","AI, algorithm, algorithmic",Accuracy/Reliability,2.0,Algorithmic/technical errors could make reported metrics inaccurate
Airbnb,ABNB,Consumer Services,2022,6,"Our metrics, including our reported Nights and Experiences Booked, GBV, and active listings, may include fraudulent bookings, accounts, and other activities that have not been flagged by our trust and safety teams or identified by our machine learning algorithms or not yet addressed by our operational teams, which could mean these activities on our site are not identified or addressed in a timely manner or at all, reducing the accuracy of our metrics.","machine learning, algorithm, algorithms",Accuracy/Reliability,2.0,"ML algorithms may fail to flag fraudulent activity, reducing metric accuracy"
Airbnb,ABNB,Consumer Services,2022,7,"Our business also increasingly relies on machine learning, artificial intelligence and automated decision making to improve our services and tailor our interactions with our customers.","artificial intelligence, AI, machine learning",Other,1.0,"Describes reliance on ML/AI, no risk stated"
Airbnb,ABNB,Consumer Services,2022,8,"New laws, guidance and/or decisions in this area may limit our ability to use our machine learning and artificial intelligence, or require us to make changes to our platform or operations that may decrease our operational efficiency, result in an increase to operating costs and/or hinder our ability to improve our services.","artificial intelligence, machine learning",Regulation,3.0,"Specific: new laws may limit AI use, increase costs, decrease efficiency"
Airbnb,ABNB,Consumer Services,2022,9,"Our platform is a complex system composed of many interoperating components and software, including algorithms that incorporate machine learning and exhibit characteristics of artificial intelligence.","artificial intelligence, machine learning, algorithm, algorithms",Other,1.0,Descriptive: platform composed of ML/AI components
Airbnb,ABNB,Consumer Services,2022,10,"Meeting the community support expectations of our Hosts and guests requires significant time and resources from our community support team and significant investment in staffing, technology, including automation and machine learning to improve efficiency, infrastructure, policies, and community support tools.","machine learning, automation",Cost/Investment,1.0,Descriptive investment in automation/ML for efficiency
Airbnb,ABNB,Consumer Services,2022,11,Our service is staffed based on complex algorithms that map to our business forecasts.,"algorithm, algorithms",Other,1.0,Descriptive: service staffed via complex algorithms
Airbnb,ABNB,Consumer Services,2022,12,"Our future success will also depend on our ability to adapt to emerging technologies such as tokenization, cryptocurrencies, new authentication technologies, such as biometrics, distributed ledger and blockchain technologies, artificial intelligence, virtual and augmented reality, and cloud technologies.","artificial intelligence, AI",Other,1.0,Generic forward-looking mention of AI among many emerging technologies
Airbnb,ABNB,Consumer Services,2023,13,"There is increased governmental interest in regulating technology companies in areas including platform content, data privacy, data security, intellectual property protection, ethical marketing, tax, data localization and data access, artificial intelligence or algorithm-based bias or discrimination, competition, and real estate broker related activities.","artificial intelligence, algorithm",Regulation,2.0,Expanded regulatory-interest list incl. AI/algorithm-based bias
Airbnb,ABNB,Consumer Services,2023,14,"Changes to search engine algorithms or similar actions are not within our control, and could adversely affect our search-engine rankings and traffic to our platform.","algorithm, algorithms",Other,1.0,Third-party search-engine algorithm risk
Airbnb,ABNB,Consumer Services,2023,15,"If the internal systems and tools we use to track these metrics undercount or overcount performance or contain algorithmic or other technical errors, the data we report may not be accurate.","AI, algorithm, algorithmic",Accuracy/Reliability,2.0,Duplicate metric-accuracy passage
Airbnb,ABNB,Consumer Services,2023,16,"Our metrics, including our reported Nights and Experiences Booked, GBV, and active listings, may include fraudulent bookings, accounts, and other activities that have not been flagged by our trust and safety teams or identified by our machine learning algorithms or not yet addressed by our operational teams, which could mean these activities on our site are not identified or addressed in a timely manner or at all, reducing the accuracy of our metrics.","machine learning, algorithm, algorithms",Accuracy/Reliability,2.0,Duplicate fraud-detection ML passage
Airbnb,ABNB,Consumer Services,2023,17,"Our business also increasingly relies on machine learning, artificial intelligence, and automated decision making to improve our services and tailor our interactions with our customers.","artificial intelligence, AI, machine learning",Other,1.0,"Descriptive reliance on ML/AI, no risk stated"
Airbnb,ABNB,Consumer Services,2023,18,"New laws, guidance, and/or decisions in this area may limit our ability to use our machine learning and artificial intelligence, or require us to make changes to our platform or operations that may decrease our operational efficiency, result in an increase to operating costs and/or hinder our ability to improve our services.","artificial intelligence, machine learning",Regulation,3.0,Duplicate specific regulation-may-limit-AI passage
Airbnb,ABNB,Consumer Services,2023,19,"Our platform is a complex system composed of many interoperating components and software, including algorithms that incorporate machine learning and exhibit characteristics of artificial intelligence.","artificial intelligence, machine learning, algorithm, algorithms",Other,1.0,Descriptive platform/AI components passage
Airbnb,ABNB,Consumer Services,2023,20,"Meeting the community support expectations of our Hosts and guests requires significant time and resources from our community support team and significant investment in staffing, technology, including automation and machine learning to improve efficiency, infrastructure, policies, and community support tools.","machine learning, automation",Cost/Investment,1.0,Duplicate descriptive investment passage
Airbnb,ABNB,Consumer Services,2023,21,Our service is staffed based on complex algorithms that map to our business forecasts.,"algorithm, algorithms",Other,1.0,Duplicate descriptive algorithms passage
Airbnb,ABNB,Consumer Services,2023,22,"Our future success will also depend on our ability to adapt to emerging technologies such as tokenization, cryptocurrencies, new authentication technologies, such as biometrics, distributed ledger and blockchain technologies, artificial intelligence, virtual and augmented reality, and cloud technologies.","artificial intelligence, AI",Other,1.0,Duplicate generic forward-looking passage
Airbnb,ABNB,Consumer Services,2024,23,"There is also increased governmental interest in regulating technology companies in areas including platform content, data privacy, data security, intellectual property protection, ethical marketing, tax, data localization and data access, AI or algorithm-based bias or discrimination, competition, and real estate broker related activities.","AI, algorithm",Regulation,2.0,Expanded regulatory-interest list incl. AI/algorithm-based bias
Airbnb,ABNB,Consumer Services,2024,24,"Our use of AI, machine learning, and automated decision making gives rise to legal, business, and operational risks.","AI, machine learning",Other,1.0,"Generic: AI/ML/automated decision making gives rise to legal, business, operational risks, no detail"
Airbnb,ABNB,Consumer Services,2024,25,"Legal, regulatory, social and ethical issues relating to the use of AI and machine learning technologies in our offerings and business may result in reputational harm and liability.","AI, machine learning",Bias/Ethics,2.0,"Legal, regulatory, social, ethical issues may cause reputational harm/liability"
Airbnb,ABNB,Consumer Services,2024,26,"The rapid evolution of AI and machine learning will require the application of resources to develop, test, and maintain our offerings to help ensure that AI and machine learning are implemented responsibly in order to minimize unintended or harmful impacts.","AI, machine learning",Bias/Ethics,2.0,Need to implement AI/ML responsibly to minimize unintended/harmful impacts
Airbnb,ABNB,Consumer Services,2024,27,"Uncertainty around new and emerging AI applications may require additional investment in the development of proprietary datasets, machine learning models, and systems to test for accuracy, bias, and other variables, which are often complex, may be costly, and could impact our profit margin as we expand the use of AI technologies in our offerings.","AI, machine learning, AI technologies",Cost/Investment,3.0,"Specific: costly investment in datasets/models/testing for accuracy and bias, impacts profit margin"
Airbnb,ABNB,Consumer Services,2024,28,"Developing, testing, and deploying AI technologies may also increase our costs due to the associated computing costs.","AI, AI technologies",Cost/Investment,2.0,Increased computing costs from developing/deploying AI
Airbnb,ABNB,Consumer Services,2024,29,"In particular, AI or automated decision making technologies may be incorrectly designed or implemented; may be trained or reliant on incomplete, inadequate, inaccurate, biased, or otherwise poor quality data or on data to which the developer does not have sufficient rights; and/or may be adversely impacted by unforeseen defects, technical challenges, cyber security threats, or material performance issues.",AI,Accuracy/Reliability,3.0,"Specific: AI may be incorrectly designed, trained on biased/poor data, have defects or performance issues"
Airbnb,ABNB,Consumer Services,2024,30,"Our ability to continue to develop or use such technologies may be dependent on access to technology offered by vendors and specific third-party software and infrastructure, such as processing hardware or third-party AI models, and we cannot control the quality of vendor offerings or the availability or pricing of such third-party software and infrastructure, especially in a highly competitive environment.","AI, AI model, AI models",Third-Party/Vendor,3.0,"Specific: dependent on vendors/third-party AI models and infrastructure, limited control over quality/pricing"
Airbnb,ABNB,Consumer Services,2024,31,We face competition from other companies in our industry who use similar machine learning technologies to us.,machine learning,Competitive,2.0,Competes with companies using similar ML technologies
Airbnb,ABNB,Consumer Services,2024,32,"Failure to offer or deploy new AI technologies as effectively as our competitors could adversely affect our business. 18 Table of Contents In addition, market acceptance and consumer perceptions of AI and machine learning technologies are uncertain.","AI, machine learning, AI technologies",Competitive,3.0,Specific: failure to deploy AI as effectively as competitors could hurt business; market acceptance uncertain
Airbnb,ABNB,Consumer Services,2024,33,"AI technologies, including generative AI, may create content or information that appears correct but is factually inaccurate or flawed.","AI, generative AI, AI technologies",Accuracy/Reliability,3.0,Specific: generative AI content may appear correct but be factually inaccurate/flawed
Airbnb,ABNB,Consumer Services,2024,34,"The use of AI technologies presents emerging ethical and social issues, and if we enable or offer solutions that draw scrutiny or controversy due to their perceived or actual impact on our customers or on society as a whole, we may experience brand or reputational harm, competitive harm, consumer complaints, legal liability, and other adverse consequences, any of which could materially adversely affect our business, results of operations, and financial condition.","AI, AI technologies",Bias/Ethics,3.0,"Specific: ethical/social scrutiny could cause brand, competitive, legal harm"
Airbnb,ABNB,Consumer Services,2024,35,"Our business also increasingly relies on machine learning, AI, and automated decision making to improve our services and tailor our interactions with our Hosts and guests.","AI, machine learning",Other,1.0,"Descriptive reliance on ML/AI, no risk stated"
Airbnb,ABNB,Consumer Services,2024,36,"However, in recent years the use of personal data to train, or otherwise in connection with machine learning, AI and automated decision making, has come under increased regulatory scrutiny, and governments and regulators in the United States, European Union, and other places have announced the need for greater regulation regarding the use of machine learning and AI generally.","AI, machine learning",Regulation,2.0,Use of personal data to train AI under increased regulatory scrutiny
Airbnb,ABNB,Consumer Services,2024,37,"New laws, guidance, and decisions in this area may limit our ability to use our machine learning and AI, or require us to make changes to our platform or operations that may decrease our operational efficiency, result in an increase to operating costs and/or hinder our ability to improve our services.","AI, machine learning",Regulation,3.0,"Specific: new laws may limit AI use, increase costs"
Airbnb,ABNB,Consumer Services,2024,38,Other global privacy laws allow individuals the right to opt out of certain automated processing of personal data and create other requirements that impact automated decision-making.,"AI, automated decision-making",Privacy,2.0,Privacy laws give individuals opt-out rights re: automated processing of personal data
Airbnb,ABNB,Consumer Services,2024,39,"At the federal level, the president of the United States recently issued an Executive Order on the Safe, Secure, and Trustworthy Development and Use of Artificial Intelligence, which charges multiple agencies, including The National Institute of Standards and Technology, with producing guidelines in connection with the development and use of AI.","artificial intelligence, AI",Regulation,3.0,Specific: cites U.S. Executive Order on AI development/use
Airbnb,ABNB,Consumer Services,2024,40,"In the European Union, there is now political agreement on the EU Artificial Intelligence Act (“EU AI Act”), which establishes a comprehensive, risk-based governance framework for AI in the EU market.","artificial intelligence, AI",Regulation,3.0,Specific: cites EU AI Act political agreement
Airbnb,ABNB,Consumer Services,2024,41,"The EU AI Act is expected to enter into force in 2024, and the majority of the substantive requirements will apply two years later.",AI,Regulation,2.0,EU AI Act timeline for entry into force
Airbnb,ABNB,Consumer Services,2024,42,"The EU AI Act will apply to companies that develop, use and/or provide AI in the European Union and includes requirements around transparency, conformity assessments and monitoring, risk assessments, human oversight, security, accuracy, general purpose AI and foundation models, and proposes fines for breach of up to 7% of worldwide annual turnover (revenue).","AI, foundation model, foundation models",Regulation,3.0,Highly specific: EU AI Act requirements and fines up to 7% of global revenue
Airbnb,ABNB,Consumer Services,2024,43,"Additionally, in September 2022, the European Commission proposed two Directives seeking to establish a harmonized civil liability regime for AI in the European Union, in order to facilitate civil claims in respect of harm caused by AI and to include AI-enabled products within the scope of the European Union’s existing strict liability regime.",AI,Regulation,3.0,Specific: proposed EU AI civil liability regime
Airbnb,ABNB,Consumer Services,2024,44,"Once fully applicable, the EU AI Act will have a material impact on the way AI is regulated in the European Union, and together with developing guidance and/or decisions in this area, may affect our use of AI and our ability to provide, improve, or commercialize our services, and could require additional compliance measures and changes to our operations and processes.",AI,Regulation,3.0,Specific: EU AI Act's material impact on operations/compliance
Airbnb,ABNB,Consumer Services,2024,45,"Moreover, the intellectual property ownership and license rights, including copyright, surrounding AI technologies has not been fully addressed by courts or laws or regulations, and the use or adoption of AI technologies into our offerings may result in exposure to claims of copyright infringement or other intellectual property misappropriation.","AI, AI technologies",Intellectual Property,3.0,"Specific: unresolved AI copyright/IP ownership issues, infringement exposure"
Airbnb,ABNB,Consumer Services,2024,46,"As the legal and regulatory framework for AI and automated decision making evolves, we may not always be able to anticipate how to respond to these laws or regulations, and compliance may adversely impact our operations and involve significant expenditure and resources.",AI,Regulation,2.0,Evolving AI legal framework may require significant compliance expenditure
Airbnb,ABNB,Consumer Services,2024,47,"Meeting the community support expectations of our Hosts and guests requires significant time and resources from our community support team and significant investment in staffing, technology, including automation and machine learning to improve efficiency, infrastructure, policies, and community support tools.","machine learning, automation",Cost/Investment,1.0,Duplicate descriptive investment passage
Airbnb,ABNB,Consumer Services,2024,48,"Our service is powered, in large part, based on complex algorithms that map to our business forecasts.","algorithm, algorithms",Other,1.0,Descriptive: service powered by complex algorithms
Airbnb,ABNB,Consumer Services,2024,49,"If the internal systems and tools we use to track these metrics undercount or overcount performance or contain algorithmic or other technical errors, the data we report may not be accurate.","AI, algorithm, algorithmic",Accuracy/Reliability,2.0,Duplicate metric-accuracy passage
Airbnb,ABNB,Consumer Services,2024,50,"Our metrics, including our reported Nights and Experiences Booked, GBV, and active listings, may include fraudulent bookings, accounts, and other activities that have not been flagged by our trust and safety teams or identified by our machine learning algorithms or not yet addressed by our operational teams, which could mean these activities on our site are not identified or addressed in a timely manner or at all, reducing the accuracy of our metrics.","machine learning, algorithm, algorithms",Accuracy/Reliability,2.0,Duplicate fraud-detection ML passage
Airbnb,ABNB,Consumer Services,2024,51,"Additionally, we note that as the use of AI continues to grow, data protection regulators may take an increased interest in how we process personal data of our users and/ or hosts.",AI,Privacy,2.0,Growing AI use may draw regulator interest in personal data processing
Airbnb,ABNB,Consumer Services,2024,52,"This may affect our use of AI and our ability to provide, improve or commercialize our services effectively and efficiently and result in increased costs.",AI,Regulation,2.0,Regulatory effect on AI use could raise costs and affect service delivery
Airbnb,ABNB,Consumer Services,2024,53,"The evolution of technology systems introduces ever more complex security risks that are difficult to predict and defend against, including AI.",AI,Cybersecurity,2.0,"AI adds complex, hard-to-predict security risks"
Airbnb,ABNB,Consumer Services,2024,54,"However, advances in computer capabilities, increasingly sophisticated tools and methods used by hackers and cyber terrorists, new discoveries in the field of cryptography and AI, or other developments may result in our failure or inability to adequately protect sensitive data.",AI,Cybersecurity,3.0,Specific: hackers/cyber terrorists leveraging AI/cryptography advances could defeat data protection
Airbnb,ABNB,Consumer Services,2024,55,"Our platform is a complex system composed of many interoperating components and software, including algorithms that incorporate machine learning and exhibit characteristics of AI.","AI, machine learning, algorithm, algorithms",Other,1.0,Duplicate descriptive platform/AI components passage
Airbnb,ABNB,Consumer Services,2024,56,"Changes to search engine algorithms or similar actions are not within our control, and could adversely affect our search-engine rankings and traffic to our platform.","algorithm, algorithms",Other,1.0,Duplicate third-party search-engine algorithm risk
Airbnb,ABNB,Consumer Services,2024,57,"Our future success will also depend on our ability to adapt to emerging technologies such as tokenization, cryptocurrencies, new authentication technologies, such as biometrics, distributed ledger and blockchain technologies, AI, virtual and augmented reality, and cloud technologies.",AI,Other,1.0,Duplicate generic forward-looking passage
Alphabet,GOOGL,Technology,2022,58,"In addition, new and evolving products and services, including those that use AI and machine learning, raise ethical, technological, legal, regulatory, and other challenges, which may negatively affect our brands and demand for our products and services.","AI, machine learning",Bias/Ethics,2.0,"New AI/ML products raise ethical, technological, legal, regulatory challenges affecting brand/demand"
Alphabet,GOOGL,Technology,2022,59,We are continually launching algorithmic changes designed to detect and prevent abuse from low-quality websites.,"algorithm, algorithmic",Other,1.0,Descriptive: launches algorithmic changes to combat low-quality-website abuse
Alphabet,GOOGL,Technology,2022,60,"Other countries, including Singapore, Australia, and the United Kingdom, have implemented or are considering similar legislation imposing penalties for failure to remove certain types of content. •Various legislative, litigation, and regulatory activity regarding our Google Play billing policies and business model, which could result in monetary penalties, damages and/or prohibition. •Various legislative and regulatory activity requiring disclosure of information about the operation of our services and algorithms, which may make it easier for websites to artificially promote low-quality, deceptive, or harmful content on services like Google Search and YouTube, potentially harming the quality of our services.","AI, algorithm, algorithms",Regulation,3.0,Specific: multiple countries' content-removal/disclosure laws affecting algorithm transparency
Alphabet,GOOGL,Technology,2023,61,"The investments that we are making across our businesses, such as in AI, reflect our ongoing efforts to innovate and provide products and services that are useful to users, advertisers, publishers, customers, and content providers.",AI,Other,1.0,Descriptive: AI investment reflects innovation efforts
Alphabet,GOOGL,Technology,2023,62,"In addition, new and evolving products and services, including those that use AI, require significant investment and raise ethical, technological, legal, regulatory, and other challenges, which may negatively affect our brands and demand for our products and services.",AI,Bias/Ethics,2.0,AI products require investment and raise ethical/legal/regulatory challenges
Alphabet,GOOGL,Technology,2023,63,We are continually launching algorithmic changes designed to detect and prevent abuse from low-quality websites.,"algorithm, algorithmic",Other,1.0,Duplicate descriptive algorithmic-change passage
Alphabet,GOOGL,Technology,2023,64,"Examples include laws and regulations regarding: •Competition and technology platforms’ business practices: Laws and regulations focused on large technology platforms, including the Digital Markets Act in the European Union (EU); regulations in South Korea and elsewhere that affect Google Play’s billing policies, fees, and business model; as well as regulations under consideration in a range of jurisdictions. •Data privacy, collection, and processing: Laws and regulations further restricting the collection, processing, and/or sharing of user or advertising-related data, including privacy and data protection laws, laws affecting the processing of children's data (as discussed further below), data breach notification laws, and laws limiting data transfers (including data localization laws). •Copyright and other intellectual property: Copyright and related laws, including the EU Directive on Copyright in the Digital Single Market and European Economic Area transpositions, which may introduce new licensing regimes, increase liability with respect to content uploaded by users or linked to from our platforms, or create property rights in news publications that could require payments to news agencies and publishers. •Content moderation: Various laws covering content moderation and removal, and related disclosure obligations, such as the EU's Digital Services Act, Florida’s Senate Bill 7072 and Texas’ House Bill 20, and laws and proposed legislation in Singapore, Australia, and the United Kingdom that impose penalties for failure to remove certain types of content or require disclosure of information about the operation of our services and algorithms, which may make it harder for services like Google Search and YouTube to detect and deal with low-quality, deceptive, or harmful content. •Consumer protection: Consumer protection laws, including the EU’s New Deal for Consumers, which could result in monetary penalties and create a range of new compliance obligations.","AI, algorithm, algorithms",Regulation,3.0,"Highly specific: names DMA, privacy laws, EU Copyright Directive, DSA, Florida/Texas laws, consumer protection laws"
Alphabet,GOOGL,Technology,2024,65,We are expanding our investment in AI across the entire company.,AI,Cost/Investment,1.0,Descriptive: expanding AI investment company-wide
Alphabet,GOOGL,Technology,2024,66,This includes generative AI and continuing to integrate AI capabilities into our products and services.,"AI, generative AI",Other,1.0,Descriptive: integrating generative AI capabilities
Alphabet,GOOGL,Technology,2024,67,"AI technology and services are highly competitive, rapidly evolving, and require significant investment, including development and operational costs, to meet the changing needs and expectations of our existing users and attract new users.","AI, AI technology",Competitive,2.0,AI market highly competitive and requires significant investment to meet user needs
Alphabet,GOOGL,Technology,2024,68,Our ability to deploy certain AI technologies critical for our products and services and for our business strategy may depend on the availability and pricing of third-party equipment and technical infrastructure.,"AI, AI technologies",Third-Party/Vendor,2.0,AI deployment depends on availability/pricing of third-party equipment and infrastructure
Alphabet,GOOGL,Technology,2024,69,"Additionally, other companies may develop AI products and technologies that are similar or superior to our technologies or more cost-effective to deploy.",AI,Competitive,2.0,Competitors may develop superior or more cost-effective AI products
Alphabet,GOOGL,Technology,2024,70,"Other companies may also have (or in the future may obtain) patents or other proprietary rights that would prevent, limit, or interfere with our ability to make, use, or sell our own AI products and services.",AI,Intellectual Property,3.0,Specific: competitors' patents could block company's own AI products/services
Alphabet,GOOGL,Technology,2024,71,"The investments that we are making across our businesses, such as building AI capabilities into new and existing products and services, reflect our ongoing efforts to innovate and provide products and services that are helpful to users, advertisers, publishers, customers, and content providers.",AI,Other,1.0,Descriptive: AI investment reflects innovation efforts
Alphabet,GOOGL,Technology,2024,72,"Within Google Cloud, we devote significant resources to develop and deploy our enterprise-ready cloud services, including Google Cloud Platform and Google Workspace, and we are advancing our AI platforms and models to support these tools and technologies.",AI,Cost/Investment,1.0,Descriptive: resources devoted to advancing AI platforms/models
Alphabet,GOOGL,Technology,2024,73,"In addition, new and evolving products and services, including those that use AI, raise ethical, technological, legal, regulatory, and other challenges, which may negatively affect our brands and demand for our products and services.",AI,Bias/Ethics,2.0,Duplicate: AI raises ethical/legal/regulatory challenges affecting brand/demand
Alphabet,GOOGL,Technology,2024,74,Issues in the development and use of AI may result in reputational harm and increased liability exposure.,AI,Bias/Ethics,1.0,Generic: AI issues may cause reputational harm and liability
Alphabet,GOOGL,Technology,2024,75,"Our evolving AI-related efforts may give rise to risks related to harmful content, inaccuracies, discrimination, intellectual property infringement or misappropriation, defamation, data privacy, cybersecurity, and other issues.",AI,Bias/Ethics,3.0,"Specific: enumerates harmful content, inaccuracy, discrimination, IP infringement, defamation, privacy, cybersecurity risks"
Alphabet,GOOGL,Technology,2024,76,"As a result of these and other challenges associated with innovative technologies, our implementation of AI systems could subject us to competitive harm, regulatory action, legal liability (including under new and proposed legislation and regulations), new applications of existing data protection, privacy, intellectual property, and other laws, and brand or reputational harm.","AI, AI system, AI systems",Regulation,3.0,"Specific: AI implementation could bring competitive harm, regulatory action, legal liability under new/existing laws"
Alphabet,GOOGL,Technology,2024,77,Some uses of AI will present ethical issues and may have broad effects on society.,AI,Bias/Ethics,1.0,Generic: some AI uses present ethical issues with broad societal effects
Alphabet,GOOGL,Technology,2024,78,"In order to implement AI responsibly and minimize unintended harmful effects, we have already devoted and will continue to invest significant resources to develop, test, and maintain our products and services, but we may not be able to identify or resolve all AI-related issues, deficiencies, and/or failures before they arise.",AI,Bias/Ethics,2.0,"Investing to implement AI responsibly, but may not resolve all AI-related issues before they arise"
Alphabet,GOOGL,Technology,2024,79,"Unintended consequences, uses, or customization of our AI tools and systems may negatively affect human rights, privacy, employment, or other social concerns, which may result in claims, lawsuits, brand or reputational harm, and increased regulatory scrutiny, any of which could harm our business, financial condition, and operating results.",AI,Bias/Ethics,3.0,"Specific: unintended AI consequences may affect human rights, privacy, employment, causing claims/lawsuits/regulatory scrutiny"
Alphabet,GOOGL,Technology,2024,80,"We continue to add new features involving AI to our offerings and internal systems, and features that rely on AI may be susceptible to unanticipated security threats as our and the market’s understanding of AI-centric security risks and protection methods continue to develop.",AI,Cybersecurity,2.0,New AI features may be susceptible to unanticipated security threats
Alphabet,GOOGL,Technology,2024,81,Increased use of AI in our offerings and internal systems may create new avenues of abuse for bad actors.,AI,Cybersecurity,2.0,Increased AI use may create new avenues of abuse for bad actors
Alphabet,GOOGL,Technology,2024,82,"We are continually launching algorithmic changes designed to detect and prevent abuse from low-quality websites, but we may not always be successful.","algorithm, algorithmic",Other,1.0,Duplicate descriptive algorithmic-change passage
Alphabet,GOOGL,Technology,2024,83,"In recent years, governments around the world have proposed and adopted a large number of new laws and regulations relevant to the digital economy, particularly in the areas of data privacy and security, competition, environmental, social and governance (ESG) requirements, AI, and online content.",AI,Regulation,1.0,Boilerplate list of regulatory focus areas including AI
Alphabet,GOOGL,Technology,2024,84,"Table of Contents Alphabet Inc. settlements in the U.S., South Korea, and elsewhere that affect Google Play’s billing policies, fees, and business model; as well as litigation and new regulations under consideration in a range of jurisdictions. •AI: Laws and regulations focused on the development, use, and provision of AI technologies and other digital products and services, which could result in monetary penalties or other regulatory actions.","AI, AI technologies",Regulation,3.0,Specific: AI-focused laws/regulations could result in monetary penalties
Alphabet,GOOGL,Technology,2024,85,"For example, while legislative text has yet to be finalized and formally approved, provisional political agreement on a proposed EU AI Act was reached between co-legislators in December 2023, including that specific transparency and other requirements would be introduced for general purpose AI systems and the models on which those systems are based.","AI, AI system, AI systems",Regulation,3.0,"Specific: EU AI Act provisional agreement, transparency requirements for general purpose AI"
Alphabet,GOOGL,Technology,2024,86,"In addition, the White House's Executive Order on the Safe, Secure, and Trustworthy Development and Use of Artificial Intelligence devises a framework for the U.S. government, among other things, to regulate private sector use and development of certain foundation models. •Data privacy, collection, and processing: Laws and regulations further restricting the collection, processing, and/or sharing of user or advertising-related data, including privacy and data protection laws; laws affecting the processing of children's data (as discussed further below), data breach notification laws, and laws limiting data transfers (including data localization laws). •Copyright and other intellectual property: Copyright and related laws, including the EU Directive on Copyright in the Digital Single Market and European Economic Area transpositions, which may introduce new licensing regimes, increase liability with respect to content uploaded by users or linked to from our platforms, or create property rights in news publications that could require payments to news agencies and publishers, which may result in other regulatory actions. •Content moderation: Various laws covering content moderation and removal, and related disclosure obligations, such as the EU's Digital Services Act, Florida’s Senate Bill 7072 and Texas’ House Bill 20, and laws and proposed legislation in Singapore, Australia, and the United Kingdom that impose penalties for failure to remove certain types of content or require disclosure of information about the operation of our services and algorithms, which may make it harder for services like Google Search and YouTube to detect and deal with low-quality, deceptive, or harmful content. •Consumer protection: Consumer protection laws, including the EU’s New Deal for Consumers, which could result in monetary penalties and create a range of new compliance obligations.","artificial intelligence, AI, foundation model, foundation models, algorithm, algorithms",Regulation,3.0,Highly specific: White House AI Executive Order plus named data/copyright/content laws
Alphabet,GOOGL,Technology,2024,87,"Our development, use, and commercialization of AI products and services (including our implementation of AI in our offerings and internal systems) could subject us to regulatory action and legal liability, including under specific legislation regulating AI, as well as new applications of existing data protection, cybersecurity, privacy, intellectual property, and other laws.",AI,Regulation,3.0,Specific: AI development/commercialization could trigger regulatory action and legal liability under named law categories
Alphabet,GOOGL,Technology,2024,88,"We are also subject to a variety of claims including product warranty, product liability, and consumer protection claims related to product defects, among other litigation, and we may also be subject to claims involving health and safety, hazardous materials usage, other environmental effects, AI training, development, and commercialization, or service disruptions or failures.",AI,Regulation,2.0,"Exposure to claims/litigation including those related to AI training, development, commercialization"
Apple,AAPL,Technology,2022,,,,,,
Apple,AAPL,Technology,2023,89,"The Company’s global operations are subject to complex and changing laws and regulations on subjects, including antitrust; privacy, data security and data localization; consumer protection; advertising, sales, billing and e-commerce; financial services and technology; product liability; intellectual property ownership and infringement; digital platforms; machine learning and artificial intelligence; internet, telecommunications and mobile communications; media, television, film and digital content; availability of third-party software applications and services; labor and employment; anticorruption; import, export and trade; foreign exchange controls and cash repatriation restrictions; anti–money laundering; foreign ownership and investment; tax; and environmental, health and safety, including electronic waste, recycling, product design and climate change.","artificial intelligence, AI, machine learning",Regulation,1.0,Boilerplate list of many regulated topics; AI/ML mentioned as one item
Apple,AAPL,Technology,2024,90,"The introduction of new and complex technologies, such as artificial intelligence features, can increase these and other safety risks, including exposing users to harmful, inaccurate or other negative content and experiences.",artificial intelligence,Accuracy/Reliability,2.0,AI features may expose users to harmful or inaccurate content
Apple,AAPL,Technology,2024,91,"The Company’s global operations are subject to complex and changing laws and regulations on subjects, including antitrust; privacy, data security and data localization; consumer protection; advertising, sales, billing and e-commerce; financial services and technology; product liability; intellectual property ownership and infringement; digital platforms; machine learning and artificial intelligence; internet, telecommunications and mobile communications; media, television, film and digital content; availability of third-party software applications and services; labor and employment; anticorruption; import, export and trade; foreign exchange controls and cash repatriation restrictions; anti–money laundering; foreign ownership and investment; tax; and environmental, health and safety, including electronic waste, recycling, product design and climate change.","artificial intelligence, AI, machine learning",Regulation,1.0,Duplicate boilerplate regulatory laundry list including AI/ML
Apple,AAPL,Technology,2024,92,"These risks and costs may increase as the Company’s products and services are introduced into specialized applications, including health and financial services, or as the Company expands the use of technologies, such as machine learning and artificial intelligence features, and must navigate new legal, regulatory and ethical considerations relating to such technologies.","artificial intelligence, machine learning",Regulation,2.0,"Expansion into AI in specialized/sensitive applications raises new legal, regulatory, ethical considerations"
CVS Health,CVS,Healthcare,2022,,,,,,
CVS Health,CVS,Healthcare,2023,,,,,,
CVS Health,CVS,Healthcare,2024,,,,,,
Costco,COST,Retail,2022,,,,,,
Costco,COST,Retail,2023,,,,,,
Costco,COST,Retail,2024,93,"In addition, data we collect, store and process is subject to a variety of U.S. and international laws and regulations (such as the European Union General Data Protection Regulation, California Consumer Privacy Act, Health Insurance Portability and Accountability Act, and China's Personal Information Protection Act), evolving rules concerning artificial intelligence, and other privacy and cybersecurity laws and restrictions on use of member information that may also impair our ability to utilize data, consistent with member consents and preferences, which may carry significant potential penalties for noncompliance.","artificial intelligence, AI",Regulation,2.0,"Cites specific laws (GDPR, CCPA, HIPAA, China PIPL) plus evolving AI rules; notes penalties for noncompliance"
Costco,COST,Retail,2024,94,"Some competitors have greater financial resources and technology capabilities, including the faster adoption of artificial intelligence, better access to merchandise, and greater market penetration than we do.",artificial intelligence,Competitive,2.0,Competitors' faster AI adoption cited as competitive disadvantage
Deere & Co,DE,Manufacturing,2022,95,"In an effort to enhance its Smart Industrial operating model by adding technology and talent, during fiscal year 2022, the Company acquired majority ownership in Kreisel Electric Inc., which designs and manufactures high-durability battery packs and high-powered charging stations; a 40 percent equity method investment in GUSS Automation LLC, a producer of semi-autonomous orchard and vineyard sprayers; and LGT, LLC (Light), which specializes in depth sensing and camera-based perception for autonomous vehicles.",automation,Other,0.0,"M&A/business description (acquisitions), not a stated AI risk"
Deere & Co,DE,Manufacturing,2022,96,"John Deere’s approach to precision technology involves hardware and software, guidance, connectivity and digital solutions, automation and machine intelligence, and autonomy.",automation,Other,1.0,"Descriptive of precision-tech approach, no risk stated"
Deere & Co,DE,Manufacturing,2023,97,"Our approach to precision technology involves hardware and software, guidance, connectivity and digital solutions, automation and machine intelligence, and autonomy.",automation,Other,1.0,Duplicate descriptive passage
Deere & Co,DE,Manufacturing,2023,98,We utilize automation and machine learning and intelligence in some of our products.,"machine learning, automation",Other,1.0,"Descriptive: uses automation/ML in some products, no risk stated"
Deere & Co,DE,Manufacturing,2023,99,"Data sourcing, technology, integration and process issues, program bias into decision-making algorithms, security problems, and the protection of privacy could impair the adoption and acceptance of autonomous machine solutions.","AI, algorithm, algorithms",Bias/Ethics,3.0,"Specific: algorithmic bias, security, privacy issues could impair adoption of autonomous solutions"
Deere & Co,DE,Manufacturing,2023,100,"Automation and machine learning and intelligence may also become the subject of local, state, federal, and foreign regulatory efforts limiting the features and capabilities of the technology.","machine learning, automation",Regulation,2.0,Automation/ML may become subject to regulatory limits on features/capabilities
Deere & Co,DE,Manufacturing,2024,101,"Furthermore, our approach to precision technology involves hardware and software, guidance, connectivity and digital solutions, automation and machine intelligence, and autonomy.",automation,Other,1.0,Duplicate descriptive passage
Deere & Co,DE,Manufacturing,2024,102,"Technical or regulatory limitations may impact our ability to effectively implement automation, autonomy, and artificial intelligence solutions.","artificial intelligence, automation",Regulation,2.0,Technical or regulatory limitations may impact AI/automation implementation
Deere & Co,DE,Manufacturing,2024,103,"We utilize automation and machine learning in some of our products, including consumer-facing features, and leverage generative artificial intelligence in our business processes.","artificial intelligence, machine learning, automation, RAG",Other,1.0,Descriptive: uses automation/ML/generative AI in products and processes
Deere & Co,DE,Manufacturing,2024,104,"For example, the automation software, digital tools, applications, and analytics utilized in John Deere’s products are designed to improve customer decision-making, such as the automation package on the S7 Series Combines and the computer vision and machine learning technology that enables our See & Spray™ targeted spraying solution.","machine learning, automation, computer vision",Other,1.0,"Descriptive product-feature example (See & Spray), no risk stated"
Deere & Co,DE,Manufacturing,2024,105,"While we believe the use of these emerging technologies can present significant benefits, it also creates risks and challenges as the use of artificial intelligence is a novel business model without an established track record.",artificial intelligence,Other,2.0,"Generic: AI is a novel, unproven business model presenting risks/challenges"
Deere & Co,DE,Manufacturing,2024,106,"Data sourcing, technology, integration and process issues, programmed bias in decision-making algorithms, concerns over intellectual property, security concerns, and the protection of privacy could impair the adoption and acceptance of autonomous machine solutions.","AI, algorithm, algorithms",Bias/Ethics,3.0,"Specific: algorithmic bias, IP, security, privacy concerns could impair adoption"
Deere & Co,DE,Manufacturing,2024,107,"Furthermore, any confidential information that we input into a third-party generative artificial intelligence platform could be leaked or disclosed to others, including sensitive information that is used to train the third parties’ model.","artificial intelligence, AI",Privacy,3.0,Specific: confidential info entered into third-party generative AI could leak or be used to train models
Deere & Co,DE,Manufacturing,2024,108,"Additionally, if the data used to train the solution or the content, analyses, or recommendations that the machine learning and intelligence applications assist in producing is deemed to be inaccurate, incomplete, biased or questionable, our brand and reputation may be harmed and we may be subject to legal liability claims.","AI, machine learning",Accuracy/Reliability,3.0,Specific: inaccurate/biased/questionable AI training data or output could harm brand and cause legal liability
Deere & Co,DE,Manufacturing,2024,109,"The development of our own artificial intelligence applications may require additional investment in the development of proprietary systems, models, or datasets, which are often complex, may be costly and could impact the results of our operations.",artificial intelligence,Cost/Investment,3.0,Specific: developing proprietary AI systems/models/datasets requires costly investment
Delta Air Lines,DAL,Consumer Services,2022,,,,,,
Delta Air Lines,DAL,Consumer Services,2023,,,,,,
Delta Air Lines,DAL,Consumer Services,2024,,,,,,
Eli Lilly,LLY,Healthcare,2022,,,,,,
Eli Lilly,LLY,Healthcare,2023,,,,,,
Eli Lilly,LLY,Healthcare,2024,110,"Failure of third parties to meet their contractual, regulatory, confidentiality, privacy, security, or other obligations to us, our clinical trial subjects, and our patients could have a material adverse effect on our business. •Our use of artificial intelligence (AI) or other emerging technologies could adversely impact our business and financial results.","artificial intelligence, AI",Other,1.0,"Risk-factor heading: AI/emerging tech use could adversely impact business, no detail yet"
Eli Lilly,LLY,Healthcare,2024,111,We have begun to deploy AI and other emerging technologies in various facets of our operations and we continue to explore further use cases for AI.,AI,Other,1.0,"Descriptive: has begun deploying AI, exploring further use cases"
Eli Lilly,LLY,Healthcare,2024,112,"The rapid advancement of these technologies presents opportunities for us in research, manufacturing, commercialization, and other business endeavors but also entails risks, including that AI-generated content, analyses, or recommendations we utilize could be deficient, that our competitors may more quickly or effectively adopt AI capabilities, or that our use of AI or other emerging technologies exacerbates regulatory, cybersecurity and other significant risks.","AI, AI-generated",Accuracy/Reliability,3.0,Specific: AI-generated content could be deficient; also notes competitive and regulatory/cyber risk
Eli Lilly,LLY,Healthcare,2024,113,"Effective development, management, and use of AI technologies is novel and complex, and there are technical challenges associated with achieving desired levels of accuracy, efficiency, and reliability.","AI, AI technologies",Accuracy/Reliability,2.0,"Technical challenges achieving AI accuracy, efficiency, reliability"
Eli Lilly,LLY,Healthcare,2024,114,"The algorithms and models utilized in AI systems may have limitations, including biases, errors, or inability to handle certain data types or scenarios or to render explainable outputs.","AI, AI system, AI systems, algorithm, algorithms",Bias/Ethics,3.0,"Specific: AI algorithms/models may have biases, errors, or lack explainability"
Eli Lilly,LLY,Healthcare,2024,115,"Furthermore, there are risks associated with the fact that the platforms providing AI models are in many cases owned and operated by emerging companies with less contractual and compliance sophistication.","AI, AI model, AI models",Third-Party/Vendor,2.0,AI model platforms often owned by less contractually/compliance-sophisticated companies
Eli Lilly,LLY,Healthcare,2024,116,These factors may undermine 32 our ability to effectively utilize AI or create competitive disadvantages should our competitors more skillfully make use of AI capabilities.,AI,Competitive,2.0,Competitors' more skillful AI use could create competitive disadvantage
Eli Lilly,LLY,Healthcare,2024,117,"Further, if we are unable to effectively manage the use of AI technologies by our employees, our confidential information, intellectual property, or reputation could be put at risk.","AI, AI technologies",Privacy,2.0,"Poor AI management by employees could put confidential info, IP, or reputation at risk"
Eli Lilly,LLY,Healthcare,2024,118,"The emergence of AI and other technologies, particularly generative AI, may exacerbate other risks, including those related to regulation, litigation, compliance issues, ethical concerns, confidentiality, and data privacy or security.","AI, generative AI",Regulation,2.0,"AI may exacerbate regulation, litigation, compliance, ethics, confidentiality, and privacy/security risks"
Eli Lilly,LLY,Healthcare,2024,119,"For example, regulatory uncertainty related to AI or other emerging technologies may require significant resources to adjust business practices to comply with developing laws.",AI,Regulation,2.0,Regulatory uncertainty may require significant resources to adjust business practices
Eli Lilly,LLY,Healthcare,2024,120,"Several governmental authorities have already proposed or enacted laws and other guidance governing AI, such as the proposed EU Artificial Intelligence Act.","artificial intelligence, AI",Regulation,3.0,Specific: cites proposed EU Artificial Intelligence Act
Eli Lilly,LLY,Healthcare,2024,121,"These and other developing obligations may prevent or make it harder for us to conduct or enhance our business using AI, or lead to regulatory fines, penalties, or other liability.",AI,Regulation,2.0,Developing AI obligations may hinder business use of AI or lead to regulatory fines/penalties
Eli Lilly,LLY,Healthcare,2024,122,"Further, use of AI technologies could lead to unintended consequences, such as cybersecurity risks or unintended biases, impact our ability to protect our confidential data and intellectual property, and expose us to intellectual property infringement claims by third parties.","AI, AI technologies",Cybersecurity,3.0,"Specific: AI use could create cybersecurity risks, unintended bias, and IP infringement exposure"
General Electric,GE,Manufacturing,2022,123,"Our businesses are subject to technological change and advances, such as growth in industrial automation and increased digitization of the operations, infrastructure and solutions that customers demand across all the industries we serve.",automation,Other,0.0,"No explicit AI/ML mention; general automation/digitization language, false positive"
General Electric,GE,Manufacturing,2023,124,"Our businesses are also subject to technological change and advances, such as growth in industrial automation and increased digitization of the operations, infrastructure and solutions that customers demand across all the industries we serve.",automation,Other,0.0,"Duplicate of prior year, no explicit AI mention"
General Electric,GE,Manufacturing,2024,125,"Our businesses are also subject to technological change and advances, such as growth in industrial automation and increased digitization of the operations, infrastructure and solutions that customers demand across all the industries we serve.",automation,Other,0.0,"Duplicate boilerplate, no explicit AI mention"
General Electric,GE,Manufacturing,2024,126,"In addition, our use of emerging and evolving technologies such as artificial intelligence and machine learning, which we expect to increase over time, presents business, reputational, legal and compliance risks related to data sourcing, design flaws, integration issues, security threats, privacy protections and the ability to develop sufficient protection measures.","artificial intelligence, machine learning",Other,3.0,"Spans multiple risk types (data sourcing, design flaws, security, privacy) tied to AI/ML use; specific but multi-category"
General Electric,GE,Manufacturing,2024,127,"The risks in this area continue to grow, and cyberattacks are expected to accelerate on a global basis in frequency and impact as threat actors increasingly use artificial intelligence and other techniques to circumvent security controls, evade detection and remove forensic evidence.",artificial intelligence,Cybersecurity,3.0,Specific: threat actors use AI to circumvent security controls and evade detection
General Electric,GE,Manufacturing,2024,128,"Other legislative and regulatory areas of significance for our businesses that U.S. and non-U.S. governments have focused and continue to focus on include cybersecurity, data privacy and sovereignty, artificial intelligence, anti-corruption, competition law, public procurement law, compliance with complex trade controls and economic sanctions laws, technical regulations or local content requirements that could result in market access criteria that our products cannot or do not meet, foreign exchange intervention in response to currency volatility and currency controls that could restrict the movement of liquidity from particular jurisdictions.",artificial intelligence,Regulation,1.0,Boilerplate list of regulatory focus areas including AI
Goldman Sachs,GS,Finance,2022,129,These changes in correlation have been and may in the future be exacerbated where other market participants are using risk or trading models with assumptions or algorithms that are similar to ours.,"algorithm, algorithms",Other,2.0,Market correlation risk exacerbated by other participants' use of similar trading algorithms
Goldman Sachs,GS,Finance,2023,130,These changes in correlation have been and may in the future be exacerbated where other market participants are using risk or trading models with assumptions or algorithms that are similar to ours.,"algorithm, algorithms",Other,2.0,Duplicate of 2022 passage
Goldman Sachs,GS,Finance,2024,131,"Operational •A failure in our operational systems or human error, malfeasance or other misconduct, could impair our liquidity, disrupt our businesses, result in the disclosure of confidential information, damage our reputation and cause losses. •A failure or disruption in our infrastructure, or in the operational systems or infrastructure of third parties, could impair our liquidity, disrupt our businesses, damage our reputation and cause losses. •The development and use of artificial intelligence (AI) present risks and challenges that may adversely impact our business. •A failure to protect our computer systems, networks and information, and our clients’ information, against cyber attacks and similar threats could impair our ability to conduct our businesses, result in the disclosure, theft or destruction of confidential information, damage our reputation and cause losses. •We may incur losses as a result of ineffective risk management processes and strategies.","artificial intelligence, AI",Other,1.0,"Risk-highlights list; AI mentioned as one bullet among many operational risks, no detail"
Goldman Sachs,GS,Finance,2024,132,AND SUBSIDIARIES The development and use of artificial intelligence (AI) present risks and challenges that may adversely impact our business.,"artificial intelligence, AI",Other,1.0,"Generic boilerplate: AI presents risks and challenges, no specifics"
Goldman Sachs,GS,Finance,2024,133,"We or our third-party vendors, clients or counterparties may develop or incorporate AI technology in certain business processes, services or products.","AI, AI technology",Third-Party/Vendor,1.0,"Notes reliance on/incorporation of AI via third-party vendors, clients, counterparties; descriptive"
Goldman Sachs,GS,Finance,2024,134,The development and use of AI present a number of risks and challenges to our business.,AI,Other,1.0,Duplicate generic boilerplate statement
Goldman Sachs,GS,Finance,2024,135,"The legal and regulatory environment relating to AI is uncertain and rapidly evolving, both in the U.S. and internationally, and includes regulation targeted specifically at AI as well as provisions in intellectual property, privacy, consumer protection, employment and other laws applicable to the use of AI.",AI,Regulation,2.0,AI-specific regulation plus overlapping IP/privacy/consumer protection/employment law regimes
Goldman Sachs,GS,Finance,2024,136,These evolving laws and regulations could require changes in our implementation of AI technology and increase our compliance costs and the risk of non-compliance.,"AI, AI technology",Regulation,2.0,Evolving AI laws could raise compliance costs and non-compliance risk
Goldman Sachs,GS,Finance,2024,137,"AI models, particularly generative AI models, may produce output or take action that is incorrect, that result in the release of private, confidential or proprietary information, that reflect biases included in the data on which they are trained, infringe on the intellectual property rights of others, or that is otherwise harmful.","AI, generative AI, AI model, AI models",Bias/Ethics,3.0,"Highly specific: incorrect outputs, data leakage, bias, IP infringement, harm"
Goldman Sachs,GS,Finance,2024,138,"In addition, the complexity of many AI models makes it challenging to understand why they are generating particular outputs.","AI, AI model, AI models",Accuracy/Reliability,2.0,AI model complexity makes outputs hard to explain
Goldman Sachs,GS,Finance,2024,139,"This limited transparency increases the challenges associated with assessing the proper operation of AI models, understanding and monitoring the capabilities of the AI models, reducing erroneous output, eliminating bias and complying with regulations that require documentation or explanation of the basis on which decisions are made.","AI, AI model, AI models",Bias/Ethics,2.0,Limited transparency complicates bias elimination and regulatory compliance
Goldman Sachs,GS,Finance,2024,140,"Further, we may rely on AI models developed by third parties, and, to that extent, would be dependent in part on the manner in which those third parties develop and train their models, including risks arising from the inclusion of any unauthorized material in the training data for their models, and the effectiveness of the steps these third parties have taken to limit the risks associated with the output of their models, matters over which we may have limited visibility.","AI, AI model, AI models",Third-Party/Vendor,3.0,"Specific: reliance on third-party AI models, unauthorized training data risk, limited visibility"
Goldman Sachs,GS,Finance,2024,141,"In addition to our use of AI technologies, we are exposed to risks arising from the use of AI technologies by bad actors to commit fraud and misappropriate funds and to facilitate cyberattacks.","AI, AI technologies",Cybersecurity,3.0,Specific: bad actors use AI for fraud and cyberattacks
Goldman Sachs,GS,Finance,2024,142,"Generative AI, if used to perpetrate fraud or launch cyberattacks, could result in losses, liquidity outflows or other adverse effects at a particular financial institution or exchange.","AI, generative AI",Cybersecurity,3.0,Generative AI used for fraud/cyberattacks could cause losses or liquidity outflows
Goldman Sachs,GS,Finance,2024,143,"Further, the use of AI by cybercriminals may increase the frequency and severity of cybersecurity attacks against us or our third-party vendors and clients.",AI,Cybersecurity,3.0,AI use by cybercriminals may increase frequency/severity of attacks on firm or vendors/clients
Goldman Sachs,GS,Finance,2024,144,These changes in correlation have been and may in the future be exacerbated where other market participants are using risk or trading models with assumptions or algorithms that are similar to ours.,"algorithm, algorithms",Other,2.0,Duplicate of correlation/algorithm risk passage
Goldman Sachs,GS,Finance,2024,145,"In addition, the emergence, adoption and evolution of new technologies, including distributed ledgers, such as digital assets and blockchain, and AI, have required us to invest resources to adapt our existing products and services, and we expect to continue to make such investments, which could be material.",AI,Cost/Investment,2.0,Required material investment to adapt products/services to AI and other new tech
Goldman Sachs,GS,Finance,2024,146,"We may not be as timely or successful in developing or integrating, or even able to develop or integrate, new products and technologies, such as those built on distributed ledgers or AI technologies, into our existing products and services, adapting to changes in client preferences or achieving market acceptance of our products and services, any of which could affect our ability to attract or retain clients, cause us to lose market share or result in service disruptions and in turn reduce our revenues or otherwise adversely affect us.","AI, AI technologies",Competitive,3.0,"Specific: failure to keep pace with AI could cause client attrition, lost market share, revenue impact"
Home Depot,HD,Retail,2022,,,,,,
Home Depot,HD,Retail,2023,,,,,,
Home Depot,HD,Retail,2024,147,"Our ability to collect and use that data, however, is subject to a number of external factors, including the impact of legislation or regulations governing data privacy, data-driven technologies such as artificial intelligence, and data security, as well as customer expectations around data collection, retention, and use.",artificial intelligence,Regulation,2.0,"Data privacy/AI/security legislation affecting data use, plus customer expectations"
Home Depot,HD,Retail,2024,148,"The cost and potential problems, defects of design, and interruptions associated with the implementation of these initiatives, including those associated with managing third-party service providers, employing new online tools and services, implementing new technologies such as artificial intelligence, implementing and restructuring support systems and processes, securing appropriate store and facility locations, and addressing impacts on inventory levels, could disrupt or reduce the efficiency of our operations in the near term, lead to product availability issues, create complexity in our systems and operations and impact our profitability.","artificial intelligence, AI",Cost/Investment,3.0,"Implementation costs, design defects, disruption from AI rollout with concrete operational/profitability impact"
Home Depot,HD,Retail,2024,149,"These investments involve replacing existing systems, some of which are older, legacy systems that are less flexible and efficient, with successor systems; outsourcing certain technology and business processes to third-party service providers; making changes to existing systems, including the migration of applications to the cloud; maintaining or enhancing legacy systems that are not currently being replaced; designing or cost-effectively acquiring new systems with new functionality; or testing the use and incorporation of artificial Fiscal 2023 Form 10-K 14 thdpms5prcntrulemediuma21 (1).jpg Table of Contents intelligence, including generative artificial intelligence.","artificial intelligence, AI",Cost/Investment,2.0,Investment in replacing/testing systems including generative AI incorporation
Honeywell,HON,Manufacturing,2022,150,"Periods of increased volatility in oil and natural gas prices may result in less investment by our customers and therefore, lower demand for our products and services. •Safety and Productivity Solutions—Operating results may be adversely impacted by reduced investments in process automation, safety monitoring, and plant capacity utilization initiatives, fluctuations in retail markets, a slowdown in demand for safety products, changes in the competitive landscape, including new market entrants and technology that may lead to product commoditization, and adverse industry economic conditions, all of which could result in lower market share, reduced selling prices and lower margins.","AI, automation",Other,0.0,"No explicit AI/ML mention; general automation/competitive language, false positive"
Honeywell,HON,Manufacturing,2023,151,"Periods of increased volatility in oil and natural gas prices may result in less investment by our customers and therefore, lower demand for our products and services. •Safety and Productivity Solutions—Operating results may be adversely impacted by reduced investments in process automation, safety monitoring, and plant capacity utilization initiatives, fluctuations in retail markets, a slowdown in demand for safety products, changes in the competitive landscape, including new market entrants and new technologies that may lead to product commoditization, and adverse industry economic conditions, all of which could result in lower market share, reduced selling prices, and lower margins.","AI, automation",Other,0.0,"Duplicate, no explicit AI mention"
Honeywell,HON,Manufacturing,2024,152,"Periods of increased volatility in oil and natural gas prices may result in less investment by our customers and therefore, lower demand for our products and services. •Safety and Productivity Solutions—Operating results may be adversely impacted by reduced investments in process automation, safety monitoring, and plant capacity utilization initiatives, fluctuations in retail markets, a slowdown in demand for safety products, changes in the competitive landscape, including new market entrants and new technologies that may lead to product commoditization, and adverse industry economic conditions, all of which could result in lower market share, reduced selling prices, and lower margins.","AI, automation",Other,0.0,"Duplicate, no explicit AI mention"
Honeywell,HON,Manufacturing,2024,153,"Our future growth rate depends upon a number of factors, including our ability to (i) identify and evolve with emerging technological and broader industry trends, including technologies such as artificial intelligence and machine learning in our target end markets; (ii) develop and maintain competitive products; (iii) defend our market share against an ever-expanding number of competitors, including many new and non-traditional competitors; (iv) enhance our products by adding innovative features that differentiate our products from those of our competitors and prevent commoditization of our products; (v) develop, manufacture, and bring compelling new products to market quickly and cost-effectively; (vi) monitor disruptive technologies and business models; (vii) achieve sufficient return on investment for new products introduced based on capital expenditures and research and development spending; (viii) respond to changes in overall trends related to end market demand; and (ix) attract, develop, and retain individuals with the requisite technical expertise and understanding of customers’ needs to develop new technologies and introduce new products.","artificial intelligence, AI, machine learning",Competitive,2.0,Growth depends on keeping pace with AI/ML trends and competitors
Honeywell,HON,Manufacturing,2024,154,"Furthermore, to the extent artificial intelligence capabilities improve and are increasingly adopted, they may be used to identify vulnerabilities and craft increasingly sophisticated cybersecurity attacks, and vulnerabilities may be introduced from the use of artificial intelligence by us, our financial services providers and other vendors and third-party providers.",artificial intelligence,Cybersecurity,3.0,Specific: AI used to identify vulnerabilities and craft sophisticated attacks
Honeywell,HON,Manufacturing,2024,155,"Government enforcement actions can be costly and interrupt the regular operation of our business, and actual or alleged violations of such laws, including in relation to the Company’s processing of personal data or adoption of emerging technologies such as artificial intelligence and machine learning, can result in fines, reputational damage, and civil lawsuits, any of which may adversely affect our business, reputation, and financial statements.","artificial intelligence, machine learning",Regulation,3.0,"Specific: violations re: AI/data processing can result in fines, reputational damage, lawsuits"
Honeywell,HON,Manufacturing,2024,156,"We are currently, and may in the future become, subject to lawsuits, fines, investigations, and disputes (some of which involve substantial amounts claimed) arising out of the conduct of our business, including matters relating to commercial transactions, government contracts, product liability (including asbestos), the integration of emerging technologies (such as, but not limited to, artificial intelligence and machine learning), prior acquisitions and divestitures, employment, employee benefits plans, intellectual property, antitrust, anti-corruption, accounting, import and export, and environmental, health, and safety matters.","artificial intelligence, AI, machine learning",Regulation,1.0,Generic litigation/dispute boilerplate list; AI one item among many
JPMorgan,JPM,Finance,2022,157,"The models and estimations that JPMorgan Chase uses may not be effective in all cases to identify, observe and mitigate risk due to a variety of factors, such as: •reliance on historical trends that may not persist in the future, including assumptions underlying the models and estimations such as correlations among certain market indicators or asset prices •inherent limitations associated with forecasting uncertain economic and financial outcomes •historical trend information may be incomplete, or may not be indicative of severely negative market conditions such as extreme volatility, dislocation or lack of liquidity •sudden illiquidity in markets or declines in prices of certain loans and securities may make it more difficult to value certain financial instruments •technology that is introduced to run models or estimations may not perform as expected, or may not be well understood by the personnel using the technology •models and estimations may contain erroneous data, valuations, formulas or algorithms, and •review processes may fail to detect flaws in models and estimations.","AI, algorithm, algorithms",Accuracy/Reliability,2.0,Models/estimations may contain erroneous algorithms; review may fail to detect flaws
JPMorgan,JPM,Finance,2022,158,"These advances have also allowed financial institutions and other companies to provide electronic and internet-based financial solutions, including electronic securities and cryptocurrency trading, payments processing and online automated algorithmic-based investment advice.","algorithm, algorithmic",Other,1.0,"Descriptive: algorithmic-based investment advice enabled by tech advances, no risk stated"
JPMorgan,JPM,Finance,2023,159,"The models and estimations that JPMorgan Chase uses may not be effective in all cases to identify, observe and mitigate risk due to a variety of factors, such as: •reliance on historical trends that may not persist in the future, including assumptions underlying the models and estimations such as correlations among certain market indicators or asset prices •inherent limitations associated with forecasting uncertain economic and financial outcomes •historical trend information may be incomplete, or may not be indicative of severely negative market conditions such as extreme volatility, dislocation or lack of liquidity •sudden illiquidity in markets or declines in prices of certain loans and securities may make it more difficult to value certain financial instruments •technology that is introduced to run models or estimations may not perform as expected, or may not be well understood by the personnel using the technology •models and estimations may contain erroneous data, valuations, formulas or algorithms, and •review processes may fail to detect flaws in models and estimations.","AI, algorithm, algorithms",Accuracy/Reliability,2.0,Duplicate of 2022 model-flaw passage
JPMorgan,JPM,Finance,2023,160,"These advances have also allowed financial institutions and other companies to provide electronic and internet-based financial solutions, including electronic securities and cryptocurrency trading, lending and other extensions of credit to consumers, payments processing and online automated algorithmic-based investment advice.","algorithm, algorithmic",Other,1.0,Duplicate descriptive passage
JPMorgan,JPM,Finance,2024,161,"The risk of a security breach due to a cyber attack could increase in the future due to factors such as: •JPMorgan Chase’s ongoing expansion of its mobile banking and other internet-based product offerings and its internal use of internet-based products and applications, including those that use cloud computing services •advances in artificial intelligence, such as the use of machine learning and generative artificial intelligence by malicious actors to develop more advanced social engineering attacks, including targeted phishing attacks •the inability to maintain the security of information transmitted by JPMorgan Chase due to advances in quantum computing that may counteract or nullify existing information protections, and •the acquisition and integration of new businesses. 22 In addition, a third party could misappropriate confidential information obtained by intercepting signals or communications from mobile devices used by JPMorgan Chase’s employees.","artificial intelligence, AI, machine learning",Cybersecurity,3.0,Specific: AI used by malicious actors for advanced phishing/social engineering attacks
JPMorgan,JPM,Finance,2024,162,"The models and estimations that JPMorgan Chase uses, including those that use machine learning, artificial intelligence or quantum computing, may not be effective in all cases to identify, observe and mitigate risk due to a variety of factors, such as: •reliance on historical trends that may not persist in the future, including assumptions underlying the models and estimations such as correlations among certain market indicators or asset prices •inherent limitations associated with forecasting uncertain economic and financial outcomes •historical trend information may be incomplete, or may not be indicative of severely negative market conditions such as extreme volatility, dislocation or lack of liquidity •sudden illiquidity in markets or declines in prices of certain loans and securities may make it more difficult to value certain financial instruments •technology that is introduced to run models or estimations may not perform as expected, or may not be well understood by the personnel using the technology •models and estimations may contain erroneous data, valuations, formulas or algorithms, and •review processes may fail to detect flaws in models and estimations.","artificial intelligence, AI, machine learning, algorithm, algorithms",Accuracy/Reliability,2.0,Models using ML/AI/quantum computing may be ineffective; flaws may go undetected
JPMorgan,JPM,Finance,2024,163,"These advances have also allowed financial institutions and other companies to provide electronic and internet-based financial solutions, including electronic securities and cryptocurrency trading, lending and other extensions of credit to consumers, payments processing and online automated algorithmic-based investment advice.","algorithm, algorithmic",Other,1.0,Duplicate descriptive passage on algorithmic investment advice
Mastercard,MA,Finance,2022,164,"Other jurisdictions have adopted or are otherwise considering adopting sector-specific regulations for the payments industry, including forced data sharing requirements or additional verification requirements, as well as regulations on artificial intelligence and data governance, that overlap or conflict with, or diverge from, general privacy rules.",artificial intelligence,Regulation,2.0,Sector-specific AI/data governance regulation that may conflict with privacy rules
Mastercard,MA,Finance,2022,165,"Moreover, due to account data compromise events and privacy abuses by other companies, as well as the disclosure of monitoring activities by certain governmental agencies in combination with the use of artificial intelligence and new technologies, there has been heightened legislative and regulatory scrutiny around the world that could lead to further regulation and requirements and/or future enforcement.","artificial intelligence, AI",Regulation,2.0,Heightened legislative/regulatory scrutiny tied to AI and monitoring technologies
Mastercard,MA,Finance,2022,166,"The payments industry is subject to rapid and significant technological changes, which can impact our business in several ways: •Technological changes, including continuing developments of technologies in the areas of smart cards and devices, contactless and mobile payments, e-commerce, cryptocurrency and block chain technology, machine learning and AI, could result in new technologies that may be superior to, or render obsolete, the technologies we currently use in our programs and services.","AI, machine learning",Competitive,2.0,New AI/ML-based technologies could render current technologies obsolete
Mastercard,MA,Finance,2023,167,"Other jurisdictions have adopted or are otherwise considering adopting sector-specific regulations for the payments industry, including forced data sharing requirements or additional verification requirements, as well as regulations on artificial intelligence and data governance, that overlap or conflict with, or diverge from, general privacy rules.",artificial intelligence,Regulation,2.0,Duplicate of 2022 passage
Mastercard,MA,Finance,2023,168,"Moreover, due to account data compromise events and privacy abuses by other companies, as well as the disclosure of monitoring activities by certain governmental agencies in combination with the use of artificial intelligence and new technologies, there has been heightened legislative and regulatory scrutiny around the world that could lead to further regulation and requirements and/or future enforcement.","artificial intelligence, AI",Regulation,2.0,Duplicate of 2022 passage
Mastercard,MA,Finance,2023,169,"The payments industry is subject to rapid and significant technological changes, which can impact our business in several ways: •Technological changes, including continuing developments of technologies in the areas of smart cards and devices, contactless and mobile payments, e-commerce, cryptocurrency and blockchain technology, machine learning and AI, could result in new technologies that may be superior to, or render obsolete, the technologies we currently use in our programs and services.","AI, machine learning",Competitive,2.0,Duplicate of 2022 obsolescence risk passage
Mastercard,MA,Finance,2024,170,"Risk factors RISK HIGHLIGHTS Legal and Regulatory Business and Operations Payments Industry Regulation Competition and Technology Brand, Reputational Impact and ESG Preferential or Protective Government Actions Information Security and Operational Resilience Talent and Culture Privacy, Data Protection, AI and Information Security Stakeholder Relationships Acquisitions and Strategic Investments Other Regulation Global Economic and Political Environment Settlement and Third-Party Obligations Litigation Class A Common Stock and Governance Structure Legal and Regulatory Payments Industry Regulation Global regulatory and legislative activity related to the payments industry may have a material adverse impact on our overall business and results of operations.",AI,Other,1.0,"Risk-highlights table of contents/section list, not a substantive risk statement"
Mastercard,MA,Finance,2024,171,"Privacy, Data Protection, AI and Information Security Regulation and enforcement of privacy, data, AI, information security and the digital economy could increase our costs and lead to legal claims and fines, as well as negatively impact our growth and reputation.",AI,Regulation,2.0,"AI/privacy/info-security regulation could raise costs, legal claims, hurt growth/reputation"
Mastercard,MA,Finance,2024,172,"We are subject to increasingly complex, fragmented and divergent laws and regulations related to privacy and data protection, data use and governance, AI and information security in the jurisdictions in which we do business.","AI, RAG",Regulation,2.0,"Complex, fragmented, divergent AI/privacy/data laws across jurisdictions"
Mastercard,MA,Finance,2024,173,"In addition, laws and regulations on AI, data governance and credit decisioning may overlap or conflict with, or diverge from, general privacy rules.",AI,Regulation,2.0,AI and data governance laws may conflict with privacy rules
Mastercard,MA,Finance,2024,174,"As a user and deployer of AI technology, we are also subject to increasing and evolving laws and regulations related to AI governance and new applications of existing laws and regulations to AI.","AI, AI technology, AI governance",Regulation,2.0,"Increasing, evolving AI governance laws and new applications of existing law to AI"
Mastercard,MA,Finance,2024,175,How our use and deployment of AI will be regulated remains uncertain given the uncertainty that exists as to how AI technology will develop.,"AI, AI technology",Regulation,1.0,Generic statement of regulatory uncertainty for AI
Mastercard,MA,Finance,2024,176,"In addition, the use of AI creates or amplifies risks that are challenging to fully prevent or mitigate.",AI,Other,1.0,Generic: AI creates/amplifies risks that are hard to prevent or mitigate
Mastercard,MA,Finance,2024,177,"In particular, AI algorithms may generate inaccurate, unintended, unfair or discriminatory outcomes, which may not be easily detectable or explainable, and may inadvertently breach intellectual property, privacy or other rights, as well as confidential information.","AI, algorithm, algorithms",Bias/Ethics,3.0,"Specific: discriminatory/inaccurate outcomes, poor explainability, IP/privacy/confidentiality breaches"
Mastercard,MA,Finance,2024,178,Our implementation of robust AI governance and risk management frameworks aimed at complying with emerging laws and regulations may not be sufficient protection against these emerging risks.,"AI, AI governance",Regulation,1.0,Generic: AI governance frameworks may not be sufficient
Mastercard,MA,Finance,2024,179,"We also need to provide increased care in our data management, governance and quality practices, particularly as it relates to the use of data in products leveraging AI.","AI, RAG",Privacy,1.0,Generic data governance/quality care needed for AI-related data use
Mastercard,MA,Finance,2024,180,"New requirements or changing interpretations of existing requirements in these areas, or the development of new regulatory schemes related to the digital economy in general, may also increase our costs and/or restrict our ability to leverage data or use AI for innovation.","AI, RAG",Regulation,2.0,New/changing requirements may raise costs or restrict data/AI use for innovation
Mastercard,MA,Finance,2024,181,"While we intend to comply with all regulatory requirements, innovate responsibly and deploy Privacy by Design, Data by Design and AI Governance approaches to all of our product development, the speed and pace of changes in laws (as well as stakeholder interests) may not allow us to meet rapidly evolving regulatory and stakeholder expectations.","AI, AI governance",Regulation,2.0,Compliance approach (Privacy/Data/AI Governance by Design) may not keep pace with evolving law
Mastercard,MA,Finance,2024,182,"The payments industry is subject to rapid and significant technological changes, which can impact our business in several ways: •Technological changes (including continuing developments of technologies in the areas of smart cards and devices, contactless and mobile payments, e-commerce, cryptocurrency and blockchain, AI, machine learning, privacy enhancement and cybersecurity) could result in new technologies that may be superior to, or render obsolete, the technologies we currently use in our programs and services.","AI, machine learning",Competitive,2.0,Duplicate-style obsolescence risk from AI/ML and other payments technologies
Mastercard,MA,Finance,2024,183,These threats also may be further enhanced in frequency or effectiveness through threat actors’ use of AI.,AI,Cybersecurity,2.0,Threats enhanced in frequency/effectiveness via AI use by threat actors
Mastercard,MA,Finance,2024,184,Criminals are using increasingly sophisticated methods to capture consumer personal information to engage in illegal activities such as counterfeiting or other fraud and may see their effectiveness enhanced by the use of AI.,AI,Cybersecurity,2.0,Criminal fraud/personal-data-capture schemes enhanced by AI
Mastercard,MA,Finance,2024,185,"See “Risk Factors - Privacy, Data Protection, AI and Information Security Compliance” in this Part I, Item 1A for more detail concerning related legal risks and obligations.",AI,Other,0.0,"Cross-reference to another risk-factor section, no substantive content"
Microsoft,MSFT,Technology,2022,186,Our strategic vision is to compete and grow by building best-in-class platforms and productivity services for an intelligent cloud and an intelligent edge infused with artificial intelligence (“AI”).,"artificial intelligence, AI",Other,1.0,Descriptive: strategic vision to build AI-infused platforms
Microsoft,MSFT,Technology,2022,187,"To support the growth of the intelligent cloud and the intelligent edge, we are developing products, services, and technologies to power the IoT, a network of distributed and interconnected devices employing sensors, data, and computing capabilities including AI.",AI,Other,1.0,Descriptive: developing IoT products with AI
Microsoft,MSFT,Technology,2022,188,Issues in the development and use of AI may result in reputational harm or liability.,AI,Bias/Ethics,1.0,Generic: AI issues may cause reputational harm or liability
Microsoft,MSFT,Technology,2022,189,"We are building AI into many of our offerings, including our productivity services, and we are also making first- and third-party AI available for our customers to use in solutions that they build.",AI,Other,1.0,"Descriptive: building AI into offerings, making AI available to customers"
Microsoft,MSFT,Technology,2022,190,"We envision a future in which AI operating in our devices, applications, and the cloud helps our customers be more productive in their work and personal lives.",AI,Other,1.0,Descriptive/aspirational: envisions AI helping customer productivity
Microsoft,MSFT,Technology,2022,191,"As with many innovations, AI presents risks and challenges that could affect its adoption, and therefore our business.",AI,Other,1.0,Generic: AI presents risks/challenges affecting adoption
Microsoft,MSFT,Technology,2022,192,AI algorithms may be flawed.,"AI, algorithm, algorithms",Accuracy/Reliability,1.0,Short generic claim: AI algorithms may be flawed
Microsoft,MSFT,Technology,2022,193,Ineffective or inadequate AI development or deployment practices by Microsoft or others could result in incidents that impair the acceptance of AI solutions or cause harm to individuals or society.,AI,Bias/Ethics,2.0,Ineffective AI practices could impair acceptance or cause harm to individuals/society
Microsoft,MSFT,Technology,2022,194,"These deficiencies and other failures of AI systems could subject us to competitive harm, regulatory action, legal liability, including under new proposed legislation regulating AI in jurisdictions such as the European Union (“EU”), and brand or reputational harm.","AI, AI system, AI systems",Regulation,3.0,"Specific: AI deficiencies could bring competitive harm, regulatory action, legal liability under EU legislation"
Microsoft,MSFT,Technology,2022,195,Some AI scenarios present ethical issues.,AI,Bias/Ethics,1.0,Very generic: some AI scenarios present ethical issues
Microsoft,MSFT,Technology,2022,196,"If we enable or offer AI solutions that are controversial because of their impact on human rights, privacy, employment, or other social, economic, or political issues, we may experience brand or reputational harm.",AI,Bias/Ethics,2.0,Controversial AI impact on human rights/privacy/employment could cause reputational harm
Microsoft,MSFT,Technology,2022,197,"Legislative and regulatory action is emerging in the areas of AI and content moderation, which could increase costs or restrict opportunity.",AI,Regulation,2.0,Emerging legislative/regulatory action on AI and content moderation could raise costs
Microsoft,MSFT,Technology,2023,198,Many of our competitors also develop and sell software to businesses and consumers under this model. • We are investing in artificial intelligence (“AI”) across the entire company and infusing generative AI capabilities into our consumer and commercial offerings.,"artificial intelligence, AI, generative AI",Other,1.0,"Descriptive: investing in AI company-wide, infusing generative AI capabilities"
Microsoft,MSFT,Technology,2023,199,We expect AI technology and services to be a highly competitive and rapidly evolving market.,"AI, AI technology",Competitive,1.0,Generic: AI market expected to be highly competitive and evolving
Microsoft,MSFT,Technology,2023,200,"We will bear significant development and operational costs to build and support the AI capabilities, products, and services necessary to meet the needs of our customers.",AI,Cost/Investment,2.0,Significant development/operational costs to build/support AI capabilities
Microsoft,MSFT,Technology,2023,201,"Advertising revenue funds development of products and services these competitors provide to users at no or little cost, competing directly with our revenue-generating products. • Some companies compete with us by modifying and then distributing open source software at little or no cost to end users, using open source AI models, and earning revenue on advertising or integrated products and services.","AI, AI model, AI models",Competitive,2.0,"Competitors distribute open-source AI models at low/no cost, competing on ad revenue"
Microsoft,MSFT,Technology,2023,202,"Our intelligent cloud and intelligent edge offerings are connected to the growth of the Internet of Things (“IoT”), a network of distributed and interconnected devices employing sensors, data, and computing capabilities, including AI.",AI,Other,1.0,Descriptive: intelligent cloud/edge connected to IoT including AI
Microsoft,MSFT,Technology,2023,203,"Our success in driving ubiquitous computing and ambient intelligence will depend on the level of adoption of our offerings such as Azure, Azure AI, and Azure IoT Edge.",AI,Other,1.0,Descriptive: success depends on adoption of Azure AI offerings
Microsoft,MSFT,Technology,2023,204,"In addition, we are focused on developing new AI platform services and incorporating AI into existing products and services.",AI,Other,1.0,Descriptive: developing new AI platform services
Microsoft,MSFT,Technology,2023,205,Increasing use of generative AI models in our internal systems may create new attack methods for adversaries.,"AI, generative AI, AI model, AI models",Cybersecurity,2.0,Generative AI use in internal systems may create new attack methods for adversaries
Microsoft,MSFT,Technology,2023,206,"Additionally, we are actively adding new generative AI features to our services.","AI, generative AI",Other,1.0,Descriptive: adding new generative AI features
Microsoft,MSFT,Technology,2023,207,"Because generative AI is a new field, understanding of security risks and protection methods continues to develop; features that rely on generative AI may be susceptible to unanticipated security threats from sophisticated adversaries.","AI, generative AI",Cybersecurity,3.0,Specific: generative AI features susceptible to unanticipated security threats from sophisticated adversaries
Microsoft,MSFT,Technology,2023,208,"This activity may come from users impersonating other people or organizations including through the use of AI technologies, dissemination of information that may be viewed as misleading or intended to manipulate the opinions of our users, or the use of our products or services that violates our terms of service or otherwise for objectionable or illegal ends.","AI, AI technologies",Bias/Ethics,2.0,AI used for impersonation and misleading/manipulative content dissemination
Microsoft,MSFT,Technology,2023,209,Issues in the development and use of AI may result in reputational or competitive harm or liability.,AI,Bias/Ethics,1.0,Generic: AI issues may cause reputational or competitive harm
Microsoft,MSFT,Technology,2023,210,"We are building AI into many of our offerings, including our productivity services, and we are also making AI available for our customers to use in solutions that they build.",AI,Other,1.0,Descriptive: building AI into offerings
Microsoft,MSFT,Technology,2023,211,"This AI may be developed by Microsoft or others, including our strategic partner, OpenAI.",AI,Third-Party/Vendor,2.0,Specific: AI developed by Microsoft or partners including OpenAI
Microsoft,MSFT,Technology,2023,212,"We envision a future in which AI operating in our devices, applications, and the cloud helps our customers be more productive in their work and personal lives.",AI,Other,1.0,Descriptive/aspirational AI vision
Microsoft,MSFT,Technology,2023,213,"As with many innovations, AI presents risks and challenges that could affect its adoption, and therefore our business.",AI,Other,1.0,Generic: AI presents risks/challenges affecting adoption
Microsoft,MSFT,Technology,2023,214,AI algorithms or training methodologies may be flawed.,"AI, algorithm, algorithms",Accuracy/Reliability,2.0,AI algorithms or training methodologies may be flawed
Microsoft,MSFT,Technology,2023,215,"Content generated by AI systems may be offensive, illegal, or otherwise harmful.","AI, AI system, AI systems",Bias/Ethics,2.0,"AI-generated content may be offensive, illegal, or harmful"
Microsoft,MSFT,Technology,2023,216,"Ineffective or inadequate AI development or deployment practices by Microsoft or others could result in incidents that impair the acceptance of AI solutions or cause harm to individuals, customers, or society, or result in our products and services not working as intended.",AI,Bias/Ethics,3.0,Specific: ineffective AI practices could cause harm or products not working as intended
Microsoft,MSFT,Technology,2023,217,"As a result of these and other challenges associated with innovative technologies, our implementation of AI systems could subject us to competitive harm, regulatory action, legal liability, including under new proposed legislation regulating AI in jurisdictions such as the European Union (“EU”), new applications of existing data protection, privacy, intellectual property, and other laws, and brand or reputational harm.","AI, AI system, AI systems",Regulation,3.0,"Specific: AI implementation could bring regulatory action, legal liability under EU/other laws"
Microsoft,MSFT,Technology,2023,218,Some AI scenarios present ethical issues or may have broad impacts on society.,AI,Bias/Ethics,1.0,Generic: some AI scenarios present ethical issues or societal impacts
Microsoft,MSFT,Technology,2023,219,"If we enable or offer AI solutions that have unintended consequences, unintended usage or customization by our customers and partners, or are controversial because of their impact on human rights, privacy, employment, or other social, economic, or political issues, we may experience brand or reputational harm, adversely affecting our business and consolidated financial statements. 29 PART I Item 1A OPERATIONAL RISKS We may have excessive outages, data losses, and disruptions of our online services if we fail to maintain an adequate operations infrastructure.",AI,Bias/Ethics,3.0,"Specific: unintended AI consequences/controversy re: human rights, privacy, employment could harm business"
Microsoft,MSFT,Technology,2023,220,"These demands continue to increase as we introduce new products and services and support the growth and the augmentation of existing services such as Bing, Azure, Microsoft Account services, Microsoft 365, Microsoft Teams, Dynamics 365, OneDrive, SharePoint Online, Skype, Xbox, and Outlook.com through the incorporation of AI features and/or functionality.",AI,Other,1.0,Descriptive: infrastructure demands increasing with AI feature incorporation
Microsoft,MSFT,Technology,2023,221,"Our investment in gaining insights from data is becoming central to the value of the services, including AI services, we deliver to customers, to operational efficiency and key opportunities in monetization, and to customer perceptions of quality.",AI,Cost/Investment,1.0,Descriptive: data insight investment central to AI service value
Microsoft,MSFT,Technology,2023,222,"Legislative and regulatory action is emerging in the areas of AI and content moderation, which could increase costs or restrict opportunity.",AI,Regulation,2.0,Emerging AI/content-moderation legislation could raise costs or restrict opportunity
Microsoft,MSFT,Technology,2023,223,"For example, in the EU, an AI Act is being considered, and may entail increased costs or decreased opportunities for the operation of our AI services in the European market. 32 PART I Item 1A How these laws and regulations apply to our business is often unclear, subject to change over time, and sometimes may be inconsistent from jurisdiction to jurisdiction.",AI,Regulation,3.0,Specific: EU AI Act may increase costs or reduce opportunity
Microsoft,MSFT,Technology,2023,224,"These claims may arise from a wide variety of business practices and initiatives, including major new product releases such as Windows, AI services, significant business transactions, warranty or product claims, employment practices, and regulation.",AI,Regulation,1.0,Generic litigation-exposure list including AI services
Microsoft,MSFT,Technology,2024,225,We and our competitors are devoting significant resources to develop and deploy our cloud-based strategies. • We are investing in artificial intelligence (“AI”) across the entire company and infusing generative AI capabilities into our consumer and commercial offerings.,"artificial intelligence, AI, generative AI",Other,1.0,Descriptive: investing in AI company-wide
Microsoft,MSFT,Technology,2024,226,"We expect AI technology and services to be a highly competitive and rapidly evolving market, and new competitors continue to enter the market.","AI, AI technology",Competitive,2.0,"AI market highly competitive, new competitors continue entering"
Microsoft,MSFT,Technology,2024,227,"We will bear significant development and operational costs to build and support the AI models, services, platforms, and infrastructure necessary to meet the needs of our customers.","AI, AI model, AI models",Cost/Investment,2.0,"Significant costs to build/support AI models, services, platforms, infrastructure"
Microsoft,MSFT,Technology,2024,228,"Advertising revenue funds development of products and services these competitors provide to users at little or no cost, competing directly with our revenue-generating products. • Some companies compete with us by modifying and then distributing open source software at little or no cost to end users, using open source AI models, and earning revenue on advertising or integrated products and services.","AI, AI model, AI models",Competitive,2.0,Competitors distribute open-source AI models at low/no cost
Microsoft,MSFT,Technology,2024,229,Our focus on cloud-based and AI services presents execution and competitive risks.,AI,Competitive,1.0,Generic: cloud/AI focus presents execution and competitive risks
Microsoft,MSFT,Technology,2024,230,We are incurring significant costs to build and maintain infrastructure to support cloud computing and AI services.,AI,Cost/Investment,2.0,Significant costs to build/maintain cloud/AI infrastructure
Microsoft,MSFT,Technology,2024,231,"Whether we succeed in cloud-based and AI services depends on our execution in several areas, including: • Continuing to bring to market compelling cloud-based and AI experiences and products that generate increasing traffic and market share. • Maintaining the utility, compatibility, and performance of our cloud-based and AI services on the growing array of computing devices, including PCs, smartphones, tablets, gaming consoles, and other devices. • Continuing to enhance the attractiveness of our cloud platforms to third-party developers. • Ensuring our cloud-based services meet the reliability expectations and specific requirements of our customers and maintain the security of their data as well as help them meet their own compliance needs. • Making our suite of cloud-based services platform-agnostic, available on a wide range of devices and ecosystems, including those of our competitors.",AI,Competitive,2.0,"Specific list of execution factors (market share, device compatibility, reliability, security) for cloud/AI success"
Microsoft,MSFT,Technology,2024,232,"This may adversely affect our operations, financial condition, and results of operations. 21 PART I Item 1A Our AI systems offer users powerful tools and capabilities.","AI, AI system, AI systems",Other,1.0,Descriptive/incomplete: AI systems offer powerful tools and capabilities
Microsoft,MSFT,Technology,2024,233,"While are committed to detecting and controlling such misuse of our cloud-based and AI services, our efforts may not be effective, and we may incur reputational damage or experience adverse impacts to our business and results of operations.",AI,Bias/Ethics,2.0,"Efforts to control misuse of AI/cloud services may not be effective, risking reputational damage"
Microsoft,MSFT,Technology,2024,234,"In addition, we are focused on developing new AI platform services and incorporating AI into existing products and services.",AI,Other,1.0,Descriptive: developing new AI platform services
Microsoft,MSFT,Technology,2024,235,"Threat actors may also utilize emerging technologies, such as AI and machine learning.","AI, machine learning",Cybersecurity,1.0,Generic: threat actors may utilize AI/ML
Microsoft,MSFT,Technology,2024,236,Increasing use of generative AI models in our internal systems may create new attack methods for adversaries.,"AI, generative AI, AI model, AI models",Cybersecurity,2.0,Generative AI use in internal systems may create new attack methods
Microsoft,MSFT,Technology,2024,237,"Additionally, features that rely on generative AI may be susceptible to unanticipated security threats from adversaries as we add new generative AI features to our services while continuously developing our understanding of security risks and protection methods in the new field of generative AI.","AI, generative AI",Cybersecurity,3.0,Specific: generative AI features susceptible to unanticipated threats from adversaries
Microsoft,MSFT,Technology,2024,238,"This activity may come from users impersonating other people or organizations, including through the use of AI technologies, dissemination of information that may be viewed as misleading or intended to manipulate the opinions of our users, or the use of our products or services that violates our terms of service or otherwise for objectionable or illegal ends.","AI, AI technologies",Bias/Ethics,2.0,AI used for impersonation and misleading/manipulative content
Microsoft,MSFT,Technology,2024,239,"Further, customers control our products and services, including our AI products, within their environments, and may deploy them in high-risk scenarios or utilize them inappropriately.",AI,Bias/Ethics,2.0,Specific: customers may deploy AI products in high-risk scenarios or misuse them
Microsoft,MSFT,Technology,2024,240,Issues in the development and use of AI may result in reputational or competitive harm or liability.,AI,Bias/Ethics,1.0,Generic: AI issues may cause reputational or competitive harm
Microsoft,MSFT,Technology,2024,241,"We are building AI into many of our offerings, including our productivity services, and we are also making AI available for our customers to use in solutions that they build.",AI,Other,1.0,Descriptive: building AI into offerings
Microsoft,MSFT,Technology,2024,242,"This AI may be developed by Microsoft or others, including our strategic partner, OpenAI.",AI,Third-Party/Vendor,2.0,Specific: AI developed by Microsoft or partners including OpenAI
Microsoft,MSFT,Technology,2024,243,"We envision a future in which AI operating in devices, applications, and the cloud helps our customers be more productive in their work and personal lives.",AI,Other,1.0,Descriptive/aspirational AI vision
Microsoft,MSFT,Technology,2024,244,"As with many innovations, AI presents risks and challenges that could affect its adoption, and therefore our business.",AI,Other,1.0,Generic: AI presents risks/challenges affecting adoption
Microsoft,MSFT,Technology,2024,245,AI algorithms or training methodologies may be flawed.,"AI, algorithm, algorithms",Accuracy/Reliability,2.0,AI algorithms or training methodologies may be flawed
Microsoft,MSFT,Technology,2024,246,"Content generated by AI systems may be offensive, illegal, inaccurate, or otherwise harmful.","AI, AI system, AI systems",Bias/Ethics,2.0,"AI-generated content may be offensive, illegal, inaccurate, or harmful"
Microsoft,MSFT,Technology,2024,247,"Ineffective or inadequate AI development or deployment practices by Microsoft or others could result in incidents that impair the acceptance of AI solutions, cause harm to individuals, customers, or society, or result in our products and services not working as intended.",AI,Bias/Ethics,3.0,Specific: ineffective AI practices could cause harm or products not working as intended
Microsoft,MSFT,Technology,2024,248,"Our implementation of AI systems could result in legal liability, regulatory action, brand, reputational, or competitive harm, or other adverse impacts.","AI, AI system, AI systems",Regulation,2.0,"AI implementation could bring legal liability, regulatory action, reputational/competitive harm"
Microsoft,MSFT,Technology,2024,249,"These risks may arise from current copyright infringement and other claims related to AI training and output, new and proposed legislation and regulations, such as the European Union’s (“EU”) AI Act and the U.S.’s AI Executive Order, and new applications of data protection, privacy, consumer protection, intellectual property, and other laws.",AI,Regulation,3.0,"Highly specific: copyright claims re: AI training/output, EU AI Act, US AI Executive Order, data/privacy/IP laws"
Microsoft,MSFT,Technology,2024,250,Some AI scenarios present ethical issues or may have broad impacts on society.,AI,Bias/Ethics,1.0,Generic: AI scenarios present ethical issues or societal impacts
Microsoft,MSFT,Technology,2024,251,"If we enable or offer AI solutions that have unintended consequences, unintended usage or customization by our customers and partners, are contrary to our responsible AI policies and practices, or are otherwise controversial because of their impact on human rights, privacy, employment, or other social, economic, or political issues, our reputation, competitive position, business, financial condition, and results of operations may be adversely affected. 26 PART I Item 1A OPERATIONAL RISKS We may have excessive outages, data losses, and disruptions of our online services if we fail to maintain an adequate operations infrastructure.","AI, responsible AI",Bias/Ethics,3.0,Specific: unintended AI consequences contrary to responsible-AI policies could harm reputation/business
Microsoft,MSFT,Technology,2024,252,"These demands continue to increase as we introduce new products and services and support the growth and the augmentation of existing services, including through the incorporation of AI features and/or functionality.",AI,Other,1.0,Descriptive: infrastructure demands increasing with AI incorporation
Microsoft,MSFT,Technology,2024,253,"We continue to identify and evaluate opportunities to expand our datacenter locations and increase our server capacity to meet the evolving needs of our customers, particularly given the growing demand for AI services.",AI,Cost/Investment,2.0,Specific: expanding datacenter/server capacity to meet growing AI service demand
Microsoft,MSFT,Technology,2024,254,"Our investment in gaining insights from data is becoming central to the value of the services we deliver to customers, including AI services, to operational efficiency and key opportunities in monetization, and to customer perceptions of quality.",AI,Cost/Investment,1.0,Descriptive: data insight investment central to AI service value
Microsoft,MSFT,Technology,2024,255,"Legislative and regulatory action is emerging in the areas of AI and content moderation, which could increase costs or restrict opportunity.",AI,Regulation,2.0,Emerging AI/content-moderation legislation could raise costs or restrict opportunity
Microsoft,MSFT,Technology,2024,256,"For example, the EU’s AI Act may increase costs or impact the provision or operation of our AI models and services in the European market.","AI, AI model, AI models",Regulation,3.0,Specific: EU AI Act may raise costs or affect AI operations in Europe
Microsoft,MSFT,Technology,2024,257,"These claims may arise from a wide variety of business practices and initiatives, including major new product releases, AI services, significant business transactions, warranty or product claims, employment practices, and regulation.",AI,Regulation,1.0,Generic litigation-exposure list including AI services
Microsoft,MSFT,Technology,2024,258,"From time to time, others claim we infringe their intellectual property rights, including current copyright infringement and other claims arising from AI training and output.",AI,Intellectual Property,3.0,Specific: copyright infringement claims arising from AI training and output
Microsoft,MSFT,Technology,2024,259,"Damage to our reputation or our brands may occur from, among other things: • The introduction of new features, products, services, or terms of service that customers, users, or partners do not like. • Public scrutiny of our decisions regarding user privacy, data practices, content, or development and deployment of AI. • Data security breaches, cybersecurity incidents, responsible AI failures, compliance failures, or actions of partners or individual employees.","AI, responsible AI",Bias/Ethics,2.0,"Reputational damage could arise from AI-related public scrutiny, security breaches, responsible-AI failures"
NVIDIA,NVDA,Technology,2022,260,"We are subject to laws and regulations domestically and worldwide, affecting our operations in areas including, but not limited to, IP ownership and infringement; taxes; import and export requirements and tariffs; anti-corruption; business acquisitions; foreign exchange controls and cash repatriation restrictions; data privacy requirements; competition and antitrust; advertising; employment; product regulations; cybersecurity; environmental, health, and safety requirements; the responsible use of AI; climate change; cryptocurrency; and consumer laws.",AI,Regulation,1.0,Broad boilerplate list of regulated areas incl. responsible use of AI
NVIDIA,NVDA,Technology,2022,261,"The increasing focus on the strategic importance of AI technologies may result in additional regulatory restrictions that target products 23 Table of Contents and services capable of enabling or facilitating AI, including some or all of our product and service offerings.","AI, AI technologies",Regulation,2.0,Strategic importance of AI may prompt additional regulatory restrictions on AI-enabling products
NVIDIA,NVDA,Technology,2022,262,Issues relating to the responsible use of AI in our offerings may result in reputational harm and liability.,AI,Bias/Ethics,1.0,Generic: responsible-AI issues may cause reputational harm/liability
NVIDIA,NVDA,Technology,2022,263,"Concerns relating to the responsible use of new and evolving technologies, such as AI, in our products and services, may result in reputational harm and liability, and may cause us to incur costs to resolve such issues.",AI,Bias/Ethics,2.0,"Responsible-AI concerns may cause reputational harm, liability, and cost to resolve"
NVIDIA,NVDA,Technology,2022,264,We are increasingly building AI capabilities into many of our products and services.,AI,Other,1.0,Descriptive: increasingly building AI capabilities into products
NVIDIA,NVDA,Technology,2022,265,"AI presents risks and challenges that could affect its adoption, and therefore our business.",AI,Other,1.0,Generic: AI presents risks/challenges affecting adoption
NVIDIA,NVDA,Technology,2022,266,"AI poses emerging ethical issues and if we enable or offer solutions that draw controversy due to their perceived or actual impact on society, or if we are unable to develop effective internal policies and frameworks relating to the responsible development and use of AI models and systems offered through our sales channels, we may experience brand or reputational harm, competitive harm or legal liability.","AI, AI model, AI models",Bias/Ethics,3.0,"Specific: AI ethical controversy could cause brand, competitive, or legal harm"
NVIDIA,NVDA,Technology,2022,267,Compliance with government regulation in the area of AI ethics may also increase the cost of related research and development.,"AI, AI ethics",Regulation,2.0,Compliance with AI-ethics regulation may increase R&D cost
NVIDIA,NVDA,Technology,2022,268,Our failure to address concerns relating to the responsible use of AI by us or others could undermine public confidence in AI and slow adoption of AI in our products and services or cause reputational harm.,AI,Bias/Ethics,2.0,Failure to address responsible-AI concerns could undermine public confidence/slow adoption
NVIDIA,NVDA,Technology,2022,269,"Concerns about our practices or the ultimate use of our products and services with regard to the collection, use, retention, security or disclosure of personal information or other privacy-related matters, including for use in AI, even if unfounded, could damage our reputation and adversely affect our operating results.",AI,Privacy,2.0,"Concerns re: personal-data practices, including for AI use, could damage reputation"
NVIDIA,NVDA,Technology,2022,270,"Furthermore, there exists a proposed European regulation related to AI that, if adopted, could impose onerous obligations and could require us to change our business practices.",AI,Regulation,3.0,Specific: proposed EU AI regulation could impose onerous obligations
NVIDIA,NVDA,Technology,2023,271,"Risks Related to Regulatory, Legal, Our Stock and Other Matters •We are subject to complex laws, rules and regulations, and political and other actions, which may adversely impact our business. •Increased scrutiny from shareholders, regulators, and others regarding our environmental, social and governance responsibilities could result in financial, reputational and operational harm. •Issues relating to the responsible use of our technologies, including AI, may result in reputational and financial harm and liability. •Adequately protecting our IP rights could be costly, and our ability to compete could be harmed if we are unsuccessful or if we are prohibited from making or selling our products. •We are subject to stringent and changing data privacy and security laws, rules, regulations, and other obligations.",AI,Regulation,1.0,"Risk-highlights list incl. responsible-AI-use bullet, generic"
NVIDIA,NVDA,Technology,2023,272,We will offer enterprise customers NVIDIA AI cloud services directly and through our network of partners.,AI,Other,1.0,Descriptive: offering NVIDIA AI cloud services to enterprise customers
NVIDIA,NVDA,Technology,2023,273,"Examples of these services include NVIDIA DGX Cloud, which is cloud-based infrastructure and software for training AI models, and customizable pretrained AI models.","AI, AI model, AI models",Other,1.0,Descriptive: examples of AI cloud/model products (DGX Cloud etc.)
NVIDIA,NVDA,Technology,2023,274,"NVIDIA AI cloud services may not be successful and will take time, resources and investment.",AI,Cost/Investment,2.0,AI cloud services may not succeed and require significant time/resources/investment
NVIDIA,NVDA,Technology,2023,275,"We also offer or plan to offer standalone software solutions for AI including NVIDIA AI Enterprise, NVIDIA Omniverse, NVIDIA DRIVE for automotive, and several other software solutions.",AI,Other,1.0,Descriptive: standalone AI software solutions offered
NVIDIA,NVDA,Technology,2023,276,"For example, others may offer cloud-based services that compete with our AI cloud service offerings, and we may not be able to establish market share sufficient to achieve scale necessary to meet our business objectives.",AI,Competitive,2.0,Competing cloud-based AI services could limit ability to reach necessary market share
NVIDIA,NVDA,Technology,2023,277,"Demand for our products is based on many factors in addition to the lead times described above that have caused and/or could in the future cause us to either underestimate or overestimate our customers’ future demand for our products, or otherwise cause a mismatch between supply and demand for our products and impact the timing and volume of our revenue, including: •competing technologies and competitor product releases and announcements; •changes in business and economic conditions resulting in decreased end demand; •sudden or sustained government lockdowns or actions to control case spread of COVID-19 or other global or local health issues; •rapidly changing technology or customer requirements; •time to market; 18 Table of Contents •new product introductions and transitions resulting in less demand for existing products; •new or unexpected end use cases; •increase in demand for competitive products, including competitive actions; •business decisions made by third parties; •the demand for accelerated or AI-related cloud services, including our own software and AI cloud service offerings; •the demand for cryptocurrency mining; or •government actions or changes in governmental policies, such as increased restrictions on gaming usage.",AI,Other,1.0,Long list of demand/supply mismatch factors; AI-cloud demand is one of many
NVIDIA,NVDA,Technology,2023,278,Examples include our Omniverse platform and third-party large language models and generative models.,"large language model, large language models",Third-Party/Vendor,1.0,Descriptive: Omniverse platform and third-party LLMs/generative models
NVIDIA,NVDA,Technology,2023,279,"We are subject to laws and regulations domestically and worldwide, affecting our operations in areas including, but not limited to, IP ownership and infringement; taxes; import and export requirements and tariffs; anti-corruption, including the Foreign Corrupt Practices Act; business acquisitions; foreign exchange controls and cash repatriation restrictions; data privacy requirements; competition and antitrust; advertising; employment; product regulations; cybersecurity; environmental, health, and safety requirements; the responsible use of AI; climate change; cryptocurrency; and consumer laws.",AI,Regulation,1.0,Broad boilerplate regulated-areas list incl. responsible use of AI and FCPA
NVIDIA,NVDA,Technology,2023,280,"The increasing focus on the strategic importance of AI technologies has already resulted in regulatory restrictions that target products and services capable of enabling or facilitating AI, and may in the future result in additional restrictions impacting some or all of our product and service offerings.","AI, AI technologies",Regulation,2.0,AI's strategic importance has already resulted in regulatory restrictions on AI-enabling products
NVIDIA,NVDA,Technology,2023,281,"Such restrictions could include additional unilateral or multilateral export controls on certain products or technology, including but not limited to AI technologies.","AI, AI technologies",Geopolitical/Trade,3.0,Specific: potential unilateral/multilateral export controls on AI technologies
NVIDIA,NVDA,Technology,2023,282,"As geopolitical tensions have increased, semiconductors associated with AI, including GPUs and associated products, are increasingly the focus of export control restrictions proposed by stakeholders in the U.S. and its allies, and it is likely that additional unilateral or multilateral controls will be adopted.",AI,Geopolitical/Trade,3.0,Specific: AI-related semiconductors increasingly targeted by U.S./allied export controls amid geopolitical tension
NVIDIA,NVDA,Technology,2023,283,"Export controls targeting GPUs and semiconductors associated with AI, which are increasingly likely, would restrict our ability to export our technology, products, or services even though competitors may not be subject to similar restrictions, creating a competitive disadvantage for us and 28 Table of Contents negatively impacting our business and financial results.",AI,Geopolitical/Trade,3.0,"Highly specific: export controls would create competitive disadvantage vs. non-restricted competitors, hurting financial results"
NVIDIA,NVDA,Technology,2023,284,"Issues relating to the responsible use of our technologies, including AI in our offerings, may result in reputational and financial harm and liability.",AI,Bias/Ethics,1.0,Generic: responsible-AI issues may cause reputational/financial harm
NVIDIA,NVDA,Technology,2023,285,"Concerns relating to the responsible use of new and evolving technologies, such as AI, in our products and services may result in reputational and financial harm and liability, and may cause us to incur costs to resolve such issues.",AI,Bias/Ethics,2.0,Responsible-AI concerns may cause reputational/financial harm and cost to resolve
NVIDIA,NVDA,Technology,2023,286,We are increasingly building AI capabilities into many of our products and services.,AI,Other,1.0,Descriptive: increasingly building AI capabilities into products
NVIDIA,NVDA,Technology,2023,287,"AI poses emerging ethical issues and presents risks and challenges that could affect its adoption, and therefore our business.",AI,Bias/Ethics,2.0,AI poses emerging ethical issues and risks affecting adoption
NVIDIA,NVDA,Technology,2023,288,"If we enable or offer solutions that draw controversy due to their perceived or actual impact on society, such as AI solutions that have unintended consequences or are controversial because of their impact on human rights, privacy, employment, or other social, economic, or political issues, or if we are unable to develop effective internal policies and frameworks relating to the responsible development and use of AI models and systems offered through our sales channels, we may experience brand or reputational harm, competitive harm or legal liability.","AI, AI model, AI models",Bias/Ethics,3.0,"Specific: AI controversy re: human rights/privacy/employment could cause brand, competitive, legal harm"
NVIDIA,NVDA,Technology,2023,289,"Compliance with government regulation in the area of AI ethics may also increase the cost of related research and development, and changes in AI-related regulation could disproportionately impact and disadvantage us and require us to change our business practices, which may negatively impact our financial results.","AI, AI ethics",Regulation,3.0,Specific: AI ethics compliance raises R&D cost; AI regulation could disproportionately disadvantage the company
NVIDIA,NVDA,Technology,2023,290,Our failure to address concerns relating to the responsible use of AI by us or others could undermine public confidence in AI and slow adoption of AI in our products and services or cause reputational harm.,AI,Bias/Ethics,2.0,Failure to address responsible-AI concerns could undermine public confidence/slow adoption
NVIDIA,NVDA,Technology,2023,291,"Concerns about our practices or the ultimate use 30 Table of Contents of our products and services with regard to the collection, use, retention, security or disclosure of personal information or other privacy-related matters, including for use in AI, even if unfounded, could damage our reputation and adversely affect our operating results.",AI,Privacy,2.0,"Concerns re: personal-data practices, including for AI use, could damage reputation"
NVIDIA,NVDA,Technology,2023,292,"Additionally, several states and localities have enacted measures related to the use of artificial intelligence and machine learning in products and services.","artificial intelligence, machine learning",Regulation,2.0,States/localities have enacted AI/ML-related measures
NVIDIA,NVDA,Technology,2023,293,"Furthermore, there exists a proposed European regulation related to AI that, if adopted, could impose onerous obligations that may disproportionately impact and disadvantage us and require us to change our business practices.",AI,Regulation,3.0,Specific: proposed EU AI regulation could disproportionately disadvantage the company
NVIDIA,NVDA,Technology,2024,294,"Risks Related to Regulatory, Legal, Our Stock and Other Matters •We are subject to complex laws, rules and regulations, and political and other actions, which may adversely impact our business. •Increased scrutiny from shareholders, regulators, and others regarding our corporate sustainability practices could result in financial, reputational, or operational harm and liability. •Issues relating to the responsible use of our technologies, including AI, may result in reputational or financial harm and liability. •Adequately protecting our IP rights could be costly, and our ability to compete could be harmed if we are unsuccessful or if we are prohibited from making or selling our products. •We are subject to stringent and changing data privacy and security laws, rules, regulations, and other obligations.",AI,Regulation,1.0,"Risk-highlights list incl. responsible-AI-use bullet, generic"
NVIDIA,NVDA,Technology,2024,295,"We have begun offering enterprise customers NVIDIA DGX Cloud services directly and through our network of partners, which include cloud-based infrastructure, software and services for training and deploying AI models, and NVIDIA AI Foundations for customizable pretrained AI models.","AI, AI model, AI models",Other,1.0,Descriptive: DGX Cloud and AI Foundations offerings
NVIDIA,NVDA,Technology,2024,296,"We also offer or plan to offer standalone software solutions, including NVIDIA AI Enterprise, NVIDIA Omniverse, NVIDIA DRIVE, and several other software solutions.",AI,Other,1.0,Descriptive: standalone AI software solutions offered
NVIDIA,NVDA,Technology,2024,297,"For example, others may offer cloud-based services that compete with our AI cloud service offerings, and we may not be able to establish market share sufficient to achieve the scale necessary to meet our business objectives.",AI,Competitive,2.0,Competing cloud-based AI services could limit ability to reach necessary market share
NVIDIA,NVDA,Technology,2024,298,"Many additional factors have caused and/or could in the future cause us to either underestimate or overestimate our customers’ future demand for our products, or otherwise cause a mismatch between supply and demand for our products and impact the timing and volume of our revenue, including: •changes in product development cycles and time to market; •competing technologies and competitor product releases and announcements; •changes in business and economic conditions resulting in decreased end demand; •sudden or sustained government lockdowns or actions to control case spread of global or local health issues; •rapidly changing technology or customer requirements; •the availability of sufficient data center capacity and energy for customers to procure; •new product introductions and transitions resulting in less demand for existing products; •new or unexpected end-use cases; •increase in demand for competitive products, including competitive actions; •business decisions made by third parties; •the demand for accelerated or AI-related cloud services, including our own software and NVIDIA DGX Cloud services; •changes that impact the ecosystem for the architectures underlying our products and technologies; •the demand for our products; or •government actions or changes in governmental policies, such as export controls or increased restrictions on gaming usage.",AI,Other,1.0,Long list of demand/supply mismatch factors incl. AI-cloud demand and export controls
NVIDIA,NVDA,Technology,2024,299,We will have a broader and faster Data Center product launch cadence to meet a growing and diverse set of AI opportunities.,AI,Competitive,1.0,Generic: faster product cadence needed to meet growing AI opportunities
NVIDIA,NVDA,Technology,2024,300,"We build technology and introduce products for new and innovative use cases and applications, such as NVIDIA DGX Cloud services, NVIDIA AI Foundations, Omniverse platform, LLMs, and generative AI models.","AI, generative AI, LLM, LLMs, AI model, AI models",Other,1.0,Descriptive: builds products for new AI/LLM use cases
NVIDIA,NVDA,Technology,2024,301,"Recent technologies, such as generative AI models, have emerged, and while they have driven increased demand for Data Center, the long-term trajectory is unknown.","AI, generative AI, AI model, AI models",Other,2.0,Generative AI has driven demand increase but long-term trajectory is unknown
NVIDIA,NVDA,Technology,2024,302,"Because our products may be used in multiple use cases and applications, it is difficult for us to estimate with any reasonable degree of precision the impact of generative AI models on our reported revenue or forecasted demand.","AI, generative AI, AI model, AI models",Other,2.0,Specific: difficult to estimate generative AI's impact on reported revenue/demand
NVIDIA,NVDA,Technology,2024,303,"AI software products we or our partners offer rely on 18 Table of Contents training data that may originate from third parties and new training methods, and the resulting products may contain unknown or undetected defects and errors, or reflect unintended bias.",AI,Accuracy/Reliability,3.0,Specific: AI products may contain undetected defects/errors or reflect unintended bias from third-party training data
NVIDIA,NVDA,Technology,2024,304,"Additionally, some actors are using AI technology to launch more automated, targeted and coordinated attacks.","AI, AI technology",Cybersecurity,2.0,"Some actors use AI to launch more automated, targeted, coordinated attacks"
NVIDIA,NVDA,Technology,2024,305,We may also incorporate third-party data into our AI algorithms or use open-source datasets to train our algorithms.,"AI, algorithm, algorithms",Third-Party/Vendor,1.0,Descriptive: incorporates third-party/open-source data into AI algorithms
NVIDIA,NVDA,Technology,2024,306,"We may have limited insight into the data privacy or security practices of third-party suppliers, including for our AI algorithms.","AI, algorithm, algorithms",Third-Party/Vendor,2.0,Limited insight into third-party suppliers' data privacy/security practices for AI algorithms
NVIDIA,NVDA,Technology,2024,307,"We are subject to laws and regulations domestically and worldwide, affecting our operations in areas including, but not limited to, IP ownership and infringement; taxes; import and export requirements and tariffs; anti-corruption, including the Foreign Corrupt Practices Act; business acquisitions; foreign exchange controls and cash repatriation restrictions; data privacy requirements; competition and antitrust; advertising; employment; product regulations; cybersecurity; environmental, health, and safety requirements; the responsible use of AI; sustainability; cryptocurrency; and consumer laws.",AI,Regulation,1.0,Broad boilerplate regulated-areas list incl. responsible use of AI
NVIDIA,NVDA,Technology,2024,308,"Our position in markets relating to AI has led to increased interest in our business from regulators worldwide, including the European Union, the United States, the United Kingdom and China.",AI,Regulation,3.0,"Specific: AI market position has drawn regulatory interest from EU, US, UK, China"
NVIDIA,NVDA,Technology,2024,309,"We have also received requests for information from regulators in the European Union, the United Kingdom, and China regarding our sales of GPUs, our efforts to allocate supply, foundation models and our investments, partnerships and other agreements with companies developing foundation models, and we expect to receive additional requests for information in the future.","foundation model, foundation models",Regulation,3.0,"Highly specific: regulator information requests re: GPU sales, supply allocation, foundation-model partnerships"
NVIDIA,NVDA,Technology,2024,310,"Governments and regulators are considering imposing restrictions on the hardware, software, and systems used to develop frontier foundation models and generative AI.","AI, generative AI, foundation model, foundation models",Regulation,2.0,Governments considering restrictions on tools used to develop frontier AI models
NVIDIA,NVDA,Technology,2024,311,The increasing focus on the risks and strategic importance of AI technologies has resulted in regulatory restrictions that target products and services capable of enabling or facilitating AI and may in the future result in additional restrictions impacting some or all of our product and service offerings.,"AI, AI technologies",Regulation,2.0,AI's strategic importance has resulted in regulatory restrictions on AI-enabling products
NVIDIA,NVDA,Technology,2024,312,"Concerns regarding third-party use of AI for purposes contrary to local governmental interests, including concerns relating to the misuse of AI applications, models, and solutions, has resulted in and could in the future result in unilateral or multilateral restrictions on products that can be used for training, modifying, tuning, and deploying LLMs.","AI, LLM, LLMs",Geopolitical/Trade,3.0,Specific: misuse concerns could lead to restrictions on products used to train/tune/deploy LLMs
NVIDIA,NVDA,Technology,2024,313,"Such restrictions could include additional unilateral or multilateral export controls on certain products or technology, including but not limited to AI technologies.","AI, AI technologies",Geopolitical/Trade,3.0,Specific: potential unilateral/multilateral export controls on AI technologies
NVIDIA,NVDA,Technology,2024,314,"As geopolitical tensions have increased, semiconductors associated with AI, including GPUs and associated products, are increasingly the focus of export control restrictions proposed by stakeholders in the U.S. and its allies.",AI,Geopolitical/Trade,3.0,Specific: AI semiconductors increasingly targeted by U.S./allied export controls
NVIDIA,NVDA,Technology,2024,315,"Export controls targeting GPUs and semiconductors associated with AI, which have been imposed and are increasingly likely to be further tightened, would further restrict our ability to export our technology, products, or services even though competitors may not be subject to similar restrictions, creating a competitive disadvantage for us and negatively impacting our business and financial results.",AI,Geopolitical/Trade,3.0,"Highly specific: imposed/tightening export controls create competitive disadvantage, hurt financial results"
NVIDIA,NVDA,Technology,2024,316,"Export controls targeting GPUs and semiconductors associated with AI have subjected and may in the future subject downstream users of our products to additional restrictions on the use, resale, repair, or transfer of our products, negatively impacting our business and financial results.",AI,Geopolitical/Trade,3.0,Specific: export controls restrict downstream use/resale/repair/transfer of products
NVIDIA,NVDA,Technology,2024,317,"Controls could negatively impact our cost and/or ability to provide services such as NVIDIA AI cloud services and could impact the cost and/or ability for our cloud service providers and customers to provide services to their end customers, even outside China.",AI,Geopolitical/Trade,3.0,"Specific: controls could raise costs/limit ability to provide AI cloud services, even outside China"
NVIDIA,NVDA,Technology,2024,318,"Given the increasing strategic importance of AI and rising geopolitical tensions, the USG has changed and may again change the export control rules at any time and further subject a wider range of our products to export restrictions and licensing requirements, negatively impacting our business and financial results.",AI,Geopolitical/Trade,3.0,"Specific: USG may further change export control rules, subjecting more products to restrictions"
NVIDIA,NVDA,Technology,2024,319,"Issues relating to the responsible use of our technologies, including AI in our offerings, may result in reputational or financial harm and liability.",AI,Bias/Ethics,1.0,Generic: responsible-AI issues may cause reputational/financial harm
NVIDIA,NVDA,Technology,2024,320,"Concerns relating to the responsible use of new and evolving technologies, such as AI, in our products and services may result in reputational or financial harm and liability and may cause us to incur costs to resolve such issues.",AI,Bias/Ethics,2.0,Responsible-AI concerns may cause reputational/financial harm and cost to resolve
NVIDIA,NVDA,Technology,2024,321,"We are increasingly building AI capabilities and protections into many of our products and services, and we also offer stand-alone AI applications.",AI,Other,1.0,"Descriptive: building AI capabilities/protections into products, standalone AI apps"
NVIDIA,NVDA,Technology,2024,322,"AI poses emerging legal, social, and ethical issues and presents risks and challenges that could affect its adoption, and therefore our business.",AI,Bias/Ethics,2.0,"AI poses emerging legal, social, ethical issues affecting adoption"
NVIDIA,NVDA,Technology,2024,323,"If we enable or offer solutions that draw controversy due to their perceived or actual impact on society, such as AI solutions that have unintended consequences, infringe copyright or rights of publicity, or are controversial because of their impact on human rights, privacy, employment or other social, economic or political issues, or if we are unable to develop effective internal policies and frameworks relating to the responsible development and use of AI models and systems offered through our sales channels, we may experience brand or reputational harm, competitive harm or legal liability.","AI, AI model, AI models",Bias/Ethics,3.0,Specific: AI controversy incl. copyright/rights-of-publicity infringement could cause brand/legal harm
NVIDIA,NVDA,Technology,2024,324,"Complying with multiple regulations from different jurisdictions related to AI could increase our cost of doing business, may change the way that we operate in certain jurisdictions, or may impede our ability to offer certain products and services in certain jurisdictions if we are unable to comply with regulations.",AI,Regulation,3.0,"Specific: multi-jurisdiction AI compliance could raise costs, change operations, impede product offerings"
NVIDIA,NVDA,Technology,2024,325,"Compliance with existing and proposed government regulation of AI, including in jurisdictions such as the European Union as well as under any U.S. regulation adopted in response to the Biden administration’s Executive Order on AI, may also increase the cost of related research and development, and create additional reporting and/or transparency requirements.",AI,Regulation,3.0,"Specific: EU and U.S. AI Executive Order compliance may raise R&D cost, add reporting requirements"
NVIDIA,NVDA,Technology,2024,326,"For example, regulation adopted in response to the Executive Order on AI could require us to notify the USG of certain safety test results and other information.",AI,Regulation,3.0,Highly specific: AI Executive Order response could require notifying USG of safety test results
NVIDIA,NVDA,Technology,2024,327,"Furthermore, changes in AI-related regulation could disproportionately impact and disadvantage us and require us to change our business practices, which may negatively impact our financial results.",AI,Regulation,2.0,AI-related regulation could disproportionately disadvantage the company
NVIDIA,NVDA,Technology,2024,328,Our failure to adequately address concerns and regulations relating to the responsible use of AI by us or others could undermine public confidence in AI and slow adoption of AI in our products and services or cause reputational or financial harm.,AI,Bias/Ethics,2.0,Failure to address responsible-AI concerns/regulations could undermine public confidence/slow adoption
NVIDIA,NVDA,Technology,2024,329,"Concerns about our practices or the ultimate use of our products and services with regard 28 Table of Contents to the collection, use, retention, security or disclosure of personal information or other privacy-related matters, including for use in AI, even if unfounded, could damage our reputation and adversely affect our operating results.",AI,Privacy,2.0,"Concerns re: personal-data practices, including for AI use, could damage reputation"
NVIDIA,NVDA,Technology,2024,330,"As applicable, such rights may include the right to access, correct, or delete certain personal data, and to opt-out of certain data processing activities, such as targeted advertising, profiling and automated decision-making.","AI, automated decision-making",Privacy,2.0,Personal-data rights (access/correct/delete/opt-out) apply to automated decision-making/profiling
NVIDIA,NVDA,Technology,2024,331,"Additionally, several states and localities have enacted measures related to the use of artificial intelligence and machine learning in products and services.","artificial intelligence, machine learning",Regulation,2.0,States/localities have enacted AI/ML-related measures
NVIDIA,NVDA,Technology,2024,332,"Furthermore, the EU AI Act could impose onerous obligations that may disproportionately impact and disadvantage us and require us to change our business practices.",AI,Regulation,3.0,"Specific: EU AI Act could impose onerous, disadvantaging obligations"
Netflix,NFLX,Media,2022,,,,,,
Netflix,NFLX,Media,2023,,,,,,
Netflix,NFLX,Media,2024,333,"In addition, new technological developments, including the development and use of generative artificial intelligence, are rapidly evolving.",artificial intelligence,Other,1.0,Generic statement that generative AI is a rapidly evolving new technology
Netflix,NFLX,Media,2024,334,"In addition, the use or adoption of new and emerging technologies may increase our exposure to intellectual property claims, and the availability of copyright and other intellectual property protection for AI-generated material is uncertain.","AI, AI-generated",Intellectual Property,3.0,Specific: uncertain copyright/IP protection for AI-generated material
NextEra Energy,NEE,Energy,2022,,,,,,
NextEra Energy,NEE,Energy,2023,,,,,,
NextEra Energy,NEE,Energy,2024,335,"In addition, the advancement of artificial intelligence has given rise to added vulnerabilities and potential entry points for cyberattacks.",artificial intelligence,Cybersecurity,2.0,AI advancement adds vulnerabilities/entry points for cyberattacks
Nike,NKE,Retail,2022,,,,,,
Nike,NKE,Retail,2023,,,,,,
Nike,NKE,Retail,2024,336,"Areas of potential savings include simplifying our product assortment, increasing automation and use of technology, streamlining our organization and leveraging our scale to drive greater efficiency.","ML, automation, RAG",Other,0.0,"No explicit AI/ML mention; general automation language, false positive"
Nike,NKE,Retail,2024,337,"Moreover, to the extent we integrate artificial intelligence (""AI"") into our operations, this may increase the cybersecurity and privacy risks, including the risk of unauthorized or misuse of AI tools, we are exposed to, and threat actors may leverage AI to engage in automated, targeted and coordinated attacks of our systems.","artificial intelligence, AI, RAG",Cybersecurity,3.0,Specific: AI integration raises cyber/privacy risk incl. misuse of AI tools and AI-enabled coordinated attacks
Nike,NKE,Retail,2024,338,"Regulations and best practices with respect to new technological developments, including generative AI, are in the process of being developed globally.","AI, generative AI",Regulation,1.0,Generic: regulations/best practices for generative AI still developing
Occidental,OXY,Energy,2022,,,,,,
Occidental,OXY,Energy,2023,,,,,,
Occidental,OXY,Energy,2024,,,,,,
Schlumberger,SLB,Energy,2022,339,"Patent protection on some types of technology, such as software or machine learning processes, may not be available in certain countries in which we operate.","AI, machine learning",Intellectual Property,2.0,Patent protection for ML processes may be unavailable in some countries
Schlumberger,SLB,Energy,2023,340,"Patent protection on some types of technology, such as software or machine learning processes, may not be available in certain countries in which we operate.","AI, machine learning",Intellectual Property,2.0,Duplicate of 2022 passage
Schlumberger,SLB,Energy,2024,341,"Our digital technologies and services, as well as third-party products, services and technologies that we rely on (including emerging technologies, such as artificial intelligence programs), are subject to the risk of cyberattacks and, given the nature of such attacks, some incidents can remain undetected for a period of time despite efforts to detect and respond to them in a timely manner.","artificial intelligence, AI",Cybersecurity,2.0,"AI-related technologies subject to cyberattack risk, some incidents may go undetected"
Schlumberger,SLB,Energy,2024,342,"Cyberattacks are expected to accelerate on a global basis in both frequency and magnitude as threat actors are becoming increasingly sophisticated in using techniques and tools (including artificial intelligence) that circumvent controls, evade detection and even remove forensic evidence of the infiltration.",artificial intelligence,Cybersecurity,3.0,"Specific: sophisticated AI-aided techniques used to circumvent controls, evade detection"
Schlumberger,SLB,Energy,2024,343,"Patent protection on some types of technology, such as software or machine learning processes, may not be available in certain countries in which we operate.","AI, machine learning",Intellectual Property,2.0,Duplicate patent-protection passage
Uber,UBER,Consumer Services,2022,,,,,,
Uber,UBER,Consumer Services,2023,,,,,,
Uber,UBER,Consumer Services,2024,,,,,,
Warner Bros,WBD,Media,2022,,,,,,
Warner Bros,WBD,Media,2023,,,,,,
Warner Bros,WBD,Media,2024,344,"In addition, new technology, including generative artificial intelligence (“AI”), is evolving rapidly and our ability to compete could be adversely affected if our competitors gain an advantage by using such technologies.","artificial intelligence, AI",Competitive,2.0,Competitors gaining advantage via generative AI could hurt ability to compete
Warner Bros,WBD,Media,2024,345,"For example, AI is a new technology for which the advantages and risks associated with its use in such industries are currently largely uncertain and unregulated.",AI,Regulation,1.0,Generic: AI risks/advantages in industry currently uncertain and unregulated
Warner Bros,WBD,Media,2024,346,"The risk of cyberattacks may continue to increase as technologies evolve and cyber criminals conduct their attacks using more sophisticated methods, including those which use AI.",AI,Cybersecurity,2.0,Cyberattacks increasingly sophisticated via AI-based methods
Warner Bros,WBD,Media,2024,347,"Further, new technologies such as generative AI and their impact on our intellectual property rights remain uncertain, and development of the law in this area could impact our ability to protect against infringing uses or result in infringement claims against us.","AI, generative AI",Intellectual Property,3.0,Specific: uncertain impact of generative AI on IP protection/infringement claims
